{
  "id":4968,
  "name":"Housebuilder Media Ltd",
  "stands":"N106",
  "url":"http:\/\/www.house-builder.co.uk",
  "description":"Housebuilder Media (HBM) publish 'HOUSEBUILDER' magazine, the longest established & leading house building title in the UK. The magazine is sent out ten times a year to all NHBC and HBF (Home Builders Federation) registered active housebuilders. These companies currently account for nearly 85% of all new build housing built in the UK. HBM also organise the 'HOUSEBUILDER AWARDS' which acknowledge and reward those companies who are demonstrating innovation and excellence, and 'HOUSING MARKET INTELLIGENCE'- comprising of an annual CEO\/Director level conference & substantial annual report. In addition, HBM also produces 'HOUSING MARKET REPORT' a statistical monthly review of activities in the market.",
  "address":"Byron House<br\/>7-9 St. James's Street<br\/>London<br\/>United Kingdom<br\/>SW1A 1EE",
  "product_images":[
    
  ],
  "press_releases":[
    
  ],
  "papers_articles":[
    
  ],
  "sales_marketing":[
    
  ]
}