{
  "id":4976,
  "name":"ISO-Chemie",
  "stands":"N1220",
  "url":"http:\/\/www.iso-chemie.co.uk",
  "description":"",
  "address":"Whelden House<br\/>Front Street<br\/>Ebchester<br\/>Consett<br\/>Durham<br\/>United Kingdom<br\/>DH8 0PJ",
  "product_images":[
    
  ],
  "press_releases":[
    
  ],
  "papers_articles":[
    
  ],
  "sales_marketing":[
    
  ],
  "logo":"http:\/\/alex.local\/ecobuild\/2012\/var\/uploads\/cache\/profile\/logos\/4976\/eb01486e04d9fd93cf2ffaffbcb976a7\/missing.gif"
}