{
  "id":4978,
  "name":"Marley Eternit",
  "stands":"N1230",
  "url":"http:\/\/www.marleyeternit.co.uk",
  "description":"Marley Eternit is part of the worldwide Etex Company and is the leading provider of roofing and cladding solutions to the construction industry.\n     \nOur unrivalled product portfolio includes architectural fibre cement facades, all types of concrete and clay tiles, double and single lap slates and profiled sheeting.",
  "address":"Lichfield Road<br\/>Branston<br\/>Burton upon Trent<br\/>Staffordshire<br\/>United Kingdom<br\/>DE14 3HD",
  "product_images":[
    {
      "id":16014,
      "title":"Cedral Weatherboard",
      "thumbnail":"http:\/\/alex.local\/ecobuild\/2012\/var\/uploads\/cache\/exhibitor\/4978\/338942db7ed54422bc01b0eb835279f5\/missing.gif",
      "img":"http:\/\/alex.local\/ecobuild\/2012\/var\/uploads\/cache\/exhibitor\/4978\/83e1f43f5443c9cbd8581762e9e7b931\/missing.gif",
      "description":"With the visual appeal of natural timber, simplicity of installation and resistance to rot, Cedral Weatherboard is an attractive, low maintenance alternative to PVCu."
    },
    {
      "id":16013,
      "title":"Textura Fibre Cement Facade",
      "thumbnail":"http:\/\/alex.local\/ecobuild\/2012\/var\/uploads\/cache\/exhibitor\/4978\/338942db7ed54422bc01b0eb835279f5\/missing.gif",
      "img":"http:\/\/alex.local\/ecobuild\/2012\/var\/uploads\/cache\/exhibitor\/4978\/83e1f43f5443c9cbd8581762e9e7b931\/missing.gif",
      "description":"Textura fibre cement panels have a highly glazed and textured finish. A wide range of colours, including factory approved RAL colours are available ensuring the right colour for your project."
    },
    {
      "id":16011,
      "title":"Pictura Fibre Cement Facade",
      "thumbnail":"http:\/\/alex.local\/ecobuild\/2012\/var\/uploads\/cache\/exhibitor\/4978\/338942db7ed54422bc01b0eb835279f5\/missing.gif",
      "img":"http:\/\/alex.local\/ecobuild\/2012\/var\/uploads\/cache\/exhibitor\/4978\/83e1f43f5443c9cbd8581762e9e7b931\/missing.gif",
      "description":"Pictura is coated with an additional surface treatment, providing a hard, smooth, silky matt surface.  Available in a variety of shades allowing flexibility of design."
    },
    {
      "id":16010,
      "title":"Eter-Color Fibre Cement Facade",
      "thumbnail":"http:\/\/alex.local\/ecobuild\/2012\/var\/uploads\/cache\/exhibitor\/4978\/338942db7ed54422bc01b0eb835279f5\/missing.gif",
      "img":"http:\/\/alex.local\/ecobuild\/2012\/var\/uploads\/cache\/exhibitor\/4978\/83e1f43f5443c9cbd8581762e9e7b931\/missing.gif",
      "description":"Eter-Color's through coloured material offers elegant shades of natural colour.  Each panel is characterised by fine sanded lines and naturally occurring hues which provide a unique aesthetic effect."
    },
    {
      "id":16007,
      "title":"Natura Fibre Cement Facade",
      "thumbnail":"http:\/\/alex.local\/ecobuild\/2012\/var\/uploads\/cache\/exhibitor\/4978\/338942db7ed54422bc01b0eb835279f5\/missing.gif",
      "img":"http:\/\/alex.local\/ecobuild\/2012\/var\/uploads\/cache\/exhibitor\/4978\/83e1f43f5443c9cbd8581762e9e7b931\/missing.gif",
      "description":"Natura's through coloured material allows the texture of the fibres to show through, offering a unique visual appearance. This combined with an extensive colour choice, provides a high degree of flexibility and an aesthetically appealing finish."
    }
  ],
  "press_releases":[
    
  ],
  "papers_articles":[
    
  ],
  "sales_marketing":[
    
  ],
  "logo":"http:\/\/alex.local\/ecobuild\/2012\/var\/uploads\/cache\/profile\/logos\/4978\/eb01486e04d9fd93cf2ffaffbcb976a7\/missing.gif"
}