{
  "id":5072,
  "name":"Stelrad Radiators",
  "stands":"N2720",
  "url":"http:\/\/www.stelrad.com",
  "description":"Stelrad Radiators is Europe\u2019s favourite radiator, and UK market leader in Steel Panel. Manufacturing site and distribution facility based in Mexborough, South Yorkshire, and produces over 2 million steel panel radiators a year, for both the domestic and commercial. \nStelrad Radiators offers the marketplace everything from classic, traditional radiators to sophisticated, stylish models - Stelrad has a wide variety of styles and finishes to harmonise with any period or contemporary setting.\nAs well as the hugely popular standard steel panel radiators, Stelrad manufactures a range of premium panel radiators, benefiting from the latest technology \u2013 to include single double and triple panel radiators \u2013 including the latest K3 options.  Stelrad also offers a range of vertical radiators to accompany the horizontal version, along with a wide range of decorative towel rails and warmers, column radiators and low surface temperature (LST) radiators that meet the most stringent. \nStelrad\u2019s product portfolio encompasses a vast number of styles in variety of heights, lengths and connection options.\n\nRange is as follows:\n\nPanel Radiators: Elite, Compact and Softline.\n\nPremium Panel: Planar, Classic Column, Compact with Style, Style Lo-line, Compact with Style Vertical, Concord Plane and Concord Lo-line \n\nEnergy Saving: Stelrad Radical \n\nLow Surface Temperature: LST Standard, LST Plus and LST Vertical vertical \n\nTowel Warmers: Ladder Rail, Esprit \n\nDesigner Range: Caliente, Excel, Optia, Wave, Arc, Ellipse, Vistaline.\n\nYou'll find information on our web site at www.stelrad.com on the entire product range - as well as the services we offer in support of our products. You\u2019ll quickly discover why Stelrad radiators are the UK\u2019s favourite radiators.",
  "address":"Stelrad House<br\/>Marriott Road<br\/>Swinton<br\/>Mexborough<br\/>South Yorkshire<br\/>United Kingdom<br\/>S64 8BN",
  "product_images":[
    {
      "id":15764,
      "title":"Stelrad Compact with Style",
      "thumbnail":"http:\/\/alex.local\/ecobuild\/2012\/var\/uploads\/cache\/exhibitor\/5072\/338942db7ed54422bc01b0eb835279f5\/missing.gif",
      "img":"http:\/\/alex.local\/ecobuild\/2012\/var\/uploads\/cache\/exhibitor\/5072\/83e1f43f5443c9cbd8581762e9e7b931\/missing.gif",
      "description":"The Premium panel radiator range offers a more contemporary, stylish option. The range includes the Planar with a slim profile, the Classic Column for a period or contemporary look, the Compact with Style and the Style Lo-line featuring a fine lined surface, Compact with Style Vertical and the Concord Plane and Concord Lo-line constructed from slim, flat horizontal tubes."
    },
    {
      "id":15759,
      "title":"Stelrad Concord Range",
      "thumbnail":"http:\/\/alex.local\/ecobuild\/2012\/var\/uploads\/cache\/exhibitor\/5072\/338942db7ed54422bc01b0eb835279f5\/missing.gif",
      "img":"http:\/\/alex.local\/ecobuild\/2012\/var\/uploads\/cache\/exhibitor\/5072\/83e1f43f5443c9cbd8581762e9e7b931\/missing.gif",
      "description":"The Premium panel radiator range offers a more contemporary, stylish option. The range includes the Planar with a slim profile, the Classic Column for a period or contemporary look, the Compact with Style and the Style Lo-line featuring a fine lined surface, Compact with Style Vertical and the Concord Plane and Concord Lo-line constructed from slim, flat horizontal tubes."
    },
    {
      "id":15758,
      "title":"Stelrad Caliente",
      "thumbnail":"http:\/\/alex.local\/ecobuild\/2012\/var\/uploads\/cache\/exhibitor\/5072\/338942db7ed54422bc01b0eb835279f5\/missing.gif",
      "img":"http:\/\/alex.local\/ecobuild\/2012\/var\/uploads\/cache\/exhibitor\/5072\/83e1f43f5443c9cbd8581762e9e7b931\/missing.gif",
      "description":"The Designer range offers a decorative, eye-catching feature in any room, whilst providing effective, high performance heating. An extensive range of colours is available within this range to fully coordinate with any interior space. The range includes the Caliente, Excel, Optia, Wave, Arc, Ellipse, Vistaline."
    },
    {
      "id":15757,
      "title":"Stelrad Column Radiator",
      "thumbnail":"http:\/\/alex.local\/ecobuild\/2012\/var\/uploads\/cache\/exhibitor\/5072\/338942db7ed54422bc01b0eb835279f5\/missing.gif",
      "img":"http:\/\/alex.local\/ecobuild\/2012\/var\/uploads\/cache\/exhibitor\/5072\/83e1f43f5443c9cbd8581762e9e7b931\/missing.gif",
      "description":"The Premium panel radiator range offers a more contemporary, stylish option. The range includes the Planar with a slim profile, the Classic Column for a period or contemporary look, the Compact with Style and the Style Lo-line featuring a fine lined surface, Compact with Style Vertical and the Concord Plane and Concord Lo-line constructed from slim, flat horizontal tubes."
    },
    {
      "id":15737,
      "title":"Stelrad Compact K3 Radiator",
      "thumbnail":"http:\/\/alex.local\/ecobuild\/2012\/var\/uploads\/cache\/exhibitor\/5072\/338942db7ed54422bc01b0eb835279f5\/missing.gif",
      "img":"http:\/\/alex.local\/ecobuild\/2012\/var\/uploads\/cache\/exhibitor\/5072\/83e1f43f5443c9cbd8581762e9e7b931\/missing.gif",
      "description":"The recent addition to the Stelrad Compact range is the triple panelled K3 radiator which is ideal for low energy systems giving an outstanding heat output from a small footprint.The Compact K3 is available in 40 models and has sizes ranging from 400mm to 700mm heights and 400mm to 2400 lengths. The Compact K3 comes with a 10 year warranty"
    },
    {
      "id":15726,
      "title":"Stelrad LST Radiator",
      "thumbnail":"http:\/\/alex.local\/ecobuild\/2012\/var\/uploads\/cache\/exhibitor\/5072\/338942db7ed54422bc01b0eb835279f5\/missing.gif",
      "img":"http:\/\/alex.local\/ecobuild\/2012\/var\/uploads\/cache\/exhibitor\/5072\/83e1f43f5443c9cbd8581762e9e7b931\/missing.gif",
      "description":"Stelrad Radiators range of low surface temperature radiators \u2013 both the LST Standard and the LST Plus options in horizontal and vertical options \u2013offer the perfect solution for heating systems in buildings where vulnerable people need to be protected from the levels of surface heat emitted from a standard radiator \u2013 in particular children and older people."
    },
    {
      "id":15724,
      "title":"Stelrad Radical Radiator",
      "thumbnail":"http:\/\/alex.local\/ecobuild\/2012\/var\/uploads\/cache\/exhibitor\/5072\/338942db7ed54422bc01b0eb835279f5\/missing.gif",
      "img":"http:\/\/alex.local\/ecobuild\/2012\/var\/uploads\/cache\/exhibitor\/5072\/83e1f43f5443c9cbd8581762e9e7b931\/missing.gif",
      "description":"The Stelrad Radical energy saving radiator\u2019s unique and innovative technology raises comfort levels, and by working more efficiently, it reduces energy bills by up to 10.5%. The Stelrad Radical energy saving radiator reaches its maximum temperature 23% faster than a traditional radiator and after only 2 minutes it offers up to 50% more radiant heat."
    }
  ],
  "press_releases":[
    
  ],
  "papers_articles":[
    
  ],
  "sales_marketing":[
    {
      "id":15756,
      "title":"Stelrad Radical CPD Presentation",
      "file":"http:\/\/alex.local\/ecobuild\/2012\/var\/uploads\/exhibitor\/5072\/m073pvluig.pdf"
    }
  ],
  "logo":"http:\/\/alex.local\/ecobuild\/2012\/var\/uploads\/cache\/profile\/logos\/5072\/eb01486e04d9fd93cf2ffaffbcb976a7\/missing.gif"
}