{
  "id":5086,
  "name":"HETAS Ltd",
  "stands":"N3000",
  "url":"http:\/\/www.hetas.co.uk",
  "description":"HETAS are the official body recognised by Government to approve biomass and solid fuel domestic heating appliances, fuels and services including the registration of competent installers and servicing businesses. Schemes include\nHETAS Product Approval\nHETAS Competent Persons Registration Scheme\nHETAS Approved Chimney Sweeps\nHETAS quality Assured Fuel\nHETAS Approved Retailers\nMicrogeneration Certification Scheme covering biomass and solar thermal technologies.",
  "address":"Orchard Business Centre<br\/>Stoke Orchard<br\/>Cheltenham<br\/>Gloucestershire<br\/>United Kingdom<br\/>GL52 7RZ",
  "product_images":[
    
  ],
  "press_releases":[
    
  ],
  "papers_articles":[
    
  ],
  "sales_marketing":[
    
  ],
  "logo":"http:\/\/alex.local\/ecobuild\/2012\/var\/uploads\/cache\/profile\/logos\/5086\/eb01486e04d9fd93cf2ffaffbcb976a7\/missing.gif"
}