{
  "id":5092,
  "name":"Lailey and Coates Ltd",
  "stands":"N3251",
  "url":"http:\/\/www.laileyandcoates.co.uk",
  "description":"Lailey & Coates - Heat Pumps designed for British Homes and engineered for the British Climate.\n\nOur heat pumps include a unique range of features that means they... \n\nDeliver superior performance\nAre easier to install \nAre simpler to operate\nLook a lot nicer outside your home!",
  "address":"Yeovil Road<br\/>Slough<br\/>Berkshire<br\/>United Kingdom<br\/>SL1 4NH",
  "product_images":[
    
  ],
  "press_releases":[
    
  ],
  "papers_articles":[
    
  ],
  "sales_marketing":[
    
  ],
  "logo":"http:\/\/alex.local\/ecobuild\/2012\/var\/uploads\/cache\/profile\/logos\/5092\/eb01486e04d9fd93cf2ffaffbcb976a7\/missing.gif"
}