{
  "id":5095,
  "name":"Modern Building Services",
  "stands":"N3301",
  "url":"http:\/\/www.modbs.co.uk",
  "description":"Modern Building Services journal appeals to forward-thinking and imaginative building-services engineers looking to design, construct and run buildings that respond to the twin challenges of comfort and environmental concerns such as climate change. Our circulation of over 22,000 (ABC)  issues per month is the largest controlled circulation for the UK building-services industry.",
  "address":"First Floor<br\/>Suite 6 Southgate House<br\/>St. George's Way<br\/>Stevenage<br\/>Hertfordshire<br\/>United Kingdom<br\/>SG1 1HG",
  "product_images":[
    
  ],
  "press_releases":[
    
  ],
  "papers_articles":[
    
  ],
  "sales_marketing":[
    {
      "id":16288,
      "title":"Editorial Programme 2013",
      "file":"http:\/\/alex.local\/ecobuild\/2012\/var\/uploads\/exhibitor\/5095\/qo2d412zga.pdf"
    },
    {
      "id":16287,
      "title":"MBS Media Information",
      "file":"http:\/\/alex.local\/ecobuild\/2012\/var\/uploads\/exhibitor\/5095\/g7nb5nlqdo.pdf"
    }
  ],
  "logo":"http:\/\/alex.local\/ecobuild\/2012\/var\/uploads\/cache\/profile\/logos\/5095\/eb01486e04d9fd93cf2ffaffbcb976a7\/missing.gif"
}