{
  "id":5103,
  "name":"Vinylit",
  "stands":"N340",
  "url":"http:\/\/www.vinylit.com",
  "description":"Vinylit is a specialist manufacturer of ventilated fa\u00e7ade cladding systems. Light weight, high quality products, some of which have BBA approval and are backed by a 30 year guarantee. Aavailable in stonechip, (natural stone) brick effect and wood effect along with Polyurethane and Neopor insulation panels with integrated battens.",
  "address":"Gobietstra\u00dfe 10<br\/>Kassel<br\/>Germany<br\/>34123",
  "product_images":[
    
  ],
  "press_releases":[
    
  ],
  "papers_articles":[
    
  ],
  "sales_marketing":[
    
  ]
}