{
  "id":5131,
  "name":"Southwest Windpower GmbH",
  "stands":"N3705",
  "url":"http:\/\/www.southwestwindpower.eu",
  "description":"Southwest Windpower is the global leader in distributed energy systems for vital applications that need reliable on-site power. We deliver contemporary energy through renewable sources including our proven wind-solar hybrid technology. Commercial scale small-wind solutions are the heart of our offerings, including our multi-certified Skystream, Whisper, and AIR turbines for varying applications.",
  "address":"Mannesmannstr. 6<br\/>Cologne<br\/>Germany<br\/>50996",
  "product_images":[
    
  ],
  "press_releases":[
    
  ],
  "papers_articles":[
    
  ],
  "sales_marketing":[
    
  ]
}