{
  "id":5146,
  "name":"Janson Computers Plc",
  "stands":"BIM8, N420",
  "url":"http:\/\/www.unlimited.com",
  "description":"For 25+ years, Nemetschek Vectorworks Inc has been a global leader in design technologies providing elegant architectural software that offers Building Information Modelling (BIM); landscape, urban and garden software that provides Site Information Modelling (SIM) and lighting design capabilities in a flexible, hybrid-design environment.",
  "address":"Computers Unlimited<br\/>The Technology Park<br\/>Colindeep Lane<br\/>London<br\/>United Kingdom<br\/>NW9 6BX",
  "product_images":[
    
  ],
  "press_releases":[
    
  ],
  "papers_articles":[
    
  ],
  "sales_marketing":[
    
  ],
  "logo":"http:\/\/alex.local\/ecobuild\/2012\/var\/uploads\/cache\/profile\/logos\/5146\/eb01486e04d9fd93cf2ffaffbcb976a7\/missing.gif"
}