{
  "id":5155,
  "name":"ACO Technologies Plc",
  "stands":"N510",
  "url":"http:\/\/www.aco.co.uk",
  "description":"ACO is a world leader in the design, development and implementation of sustainable drainage systems. \n\nFor over 50 years, this expertise has pioneered unique solutions in award-winning surface water management, high performance stormwater control and hygienic and corrosion resistant building drainage systems. \n\nFor more information visit www.aco.co.uk",
  "address":"Hitchin Road<br\/>Shefford<br\/>Bedfordshire<br\/>United Kingdom<br\/>SG17 5TE",
  "product_images":[
    
  ],
  "press_releases":[
    
  ],
  "papers_articles":[
    
  ],
  "sales_marketing":[
    
  ],
  "logo":"http:\/\/alex.local\/ecobuild\/2012\/var\/uploads\/cache\/profile\/logos\/5155\/eb01486e04d9fd93cf2ffaffbcb976a7\/missing.gif"
}