{
  "id":5162,
  "name":"Building Products Magazine",
  "stands":"N571",
  "url":"http:\/\/www.buildingproducts.co.uk",
  "description":"Building Products is the leading monthly product based magazine aimed at specifiers working in private and public as well as the residential, commercial and industrial sectors of the UK construction industry.\n\nEach issue highlights:\n\u2022 Quality product news on all of the latest building innovations available to UK specifiers.\n\u2022 In-depth analysis and comment on relevant building specification issues.\n\u2022 Feature coverage on how construction products have been applied across a wide range of project types.\n\u2022 Insights from specifiers on technical challenges and solutions.\n\u2022 An extensive Showcase section of product guides, information packs, brochures and websites.\n\nBuilding Products is the magazine of choice on product information for thousands of key decision makers working in the UK building industry.",
  "address":"6th Floor, Davis House<br\/>2 Robert Street<br\/>Croydon<br\/>Surrey<br\/>United Kingdom<br\/>CR0 1QQ",
  "product_images":[
    
  ],
  "press_releases":[
    
  ],
  "papers_articles":[
    
  ],
  "sales_marketing":[
    
  ]
}