{
  "id":5217,
  "name":"WPL Limited",
  "stands":"S1610",
  "url":"http:\/\/www.wpl.co.uk",
  "description":"WPL provides innovative and reliable sewage and wastewater treatment, rainwater harvesting and grease management systems for domestic, commercial and industrial markets, as well as being one of the main suppliers to the UK's water utility companies.\n\nAs an internationally-recognised leader in the design, manufacture and supply of both standardised and bespoke environmental solutions, WPL is dedicated to providing the highest quality products and services.\n\nOur innovative, intuitive solutions include full design, engineering and specification support, comprehensive customer service and nationwide maintenance back-up.\n\nFor more than 20 years, we have been dedicated to delivering superior solutions that are fully supported by our qualified engineers and backed up by our quality guarantees. The result is dependable and innovative wastewater, rainwater and grease management systems that consistently exceed our customers' expectations.\n\nEver vigilant as to current and pending legislation, our focus is to deliver superior solutions that provide fully compliant, fully supported, future-proof results for our customers, time after time.",
  "address":"Units 1 & 2 Aston Road<br\/>Waterlooville<br\/>Hampshire<br\/>United Kingdom<br\/>PO7 7UX",
  "product_images":[
    {
      "id":15891,
      "title":"WPL Ltd HiPAF Sewage Treatment",
      "thumbnail":"http:\/\/alex.local\/ecobuild\/2012\/var\/uploads\/cache\/exhibitor\/5217\/338942db7ed54422bc01b0eb835279f5\/missing.gif",
      "img":"http:\/\/alex.local\/ecobuild\/2012\/var\/uploads\/cache\/exhibitor\/5217\/83e1f43f5443c9cbd8581762e9e7b931\/missing.gif",
      "description":"The WPL HiPAF range offers bespoke SAF (submerged aerated filter) sewage treatment plant solutions specifically designed to meet demanding, individual site requirements. \n\nWhy HiPAF?\nHiPAF combines versatility, efficient processing reliability and robust design, meeting all Environment Agency standards while minimising visual impact on the landscape."
    },
    {
      "id":15889,
      "title":"WPL Ltd Developers Rainwater Harvesting",
      "thumbnail":"http:\/\/alex.local\/ecobuild\/2012\/var\/uploads\/cache\/exhibitor\/5217\/338942db7ed54422bc01b0eb835279f5\/missing.gif",
      "img":"http:\/\/alex.local\/ecobuild\/2012\/var\/uploads\/cache\/exhibitor\/5217\/83e1f43f5443c9cbd8581762e9e7b931\/missing.gif",
      "description":"WPL's RainRetain Developer's systems have been specifically designed with developers, housing associations and large scale house builders in mind. These systems provide a cost-effective means of incorporating sustainable products into developments, particularly where minimum standards must be met under the Code for Sustainable Homes and Building Regulations."
    },
    {
      "id":15888,
      "title":"WPL Ltd RainRetain Domestic Rainwater Harvesting",
      "thumbnail":"http:\/\/alex.local\/ecobuild\/2012\/var\/uploads\/cache\/exhibitor\/5217\/338942db7ed54422bc01b0eb835279f5\/missing.gif",
      "img":"http:\/\/alex.local\/ecobuild\/2012\/var\/uploads\/cache\/exhibitor\/5217\/83e1f43f5443c9cbd8581762e9e7b931\/missing.gif",
      "description":"WPL's below ground rainwater harvesting (RWH) systems are the intelligent way to cut your water bills and help the environment, replacing up to 50% of mains water usage in and around the home.\n\nDesigned to the highest standards, the RainRetain Premium range consists of two complete systems - one for the home and one for the garden - in a range of sizes to suit different volume requirements."
    },
    {
      "id":15887,
      "title":"WPL Ltd Diamond Sewage Treatment",
      "thumbnail":"http:\/\/alex.local\/ecobuild\/2012\/var\/uploads\/cache\/exhibitor\/5217\/338942db7ed54422bc01b0eb835279f5\/missing.gif",
      "img":"http:\/\/alex.local\/ecobuild\/2012\/var\/uploads\/cache\/exhibitor\/5217\/83e1f43f5443c9cbd8581762e9e7b931\/missing.gif",
      "description":"The WPL Diamond range offers sewage treatment plants for properties that are not connected to mains drainage.  The Diamond range includes a range of sizes suitable for 1-55 people."
    }
  ],
  "press_releases":[
    
  ],
  "papers_articles":[
    
  ],
  "sales_marketing":[
    {
      "id":15886,
      "title":"WPL Ltd Screens Wastewater Treatment",
      "file":"http:\/\/alex.local\/ecobuild\/2012\/var\/uploads\/exhibitor\/5217\/wjrqvoq6n0.pdf"
    },
    {
      "id":15885,
      "title":"WPL Ltd Percolation Tunnels SUDS Solutions",
      "file":"http:\/\/alex.local\/ecobuild\/2012\/var\/uploads\/exhibitor\/5217\/mulzcd7lig.pdf"
    },
    {
      "id":15884,
      "title":"WPL Ltd RainSustain Commercial Rainwater Harvesting",
      "file":"http:\/\/alex.local\/ecobuild\/2012\/var\/uploads\/exhibitor\/5217\/drq5llhuzf.pdf"
    },
    {
      "id":15883,
      "title":"WPL Ltd Grease Guzzler",
      "file":"http:\/\/alex.local\/ecobuild\/2012\/var\/uploads\/exhibitor\/5217\/xh9ausazcm.pdf"
    },
    {
      "id":15882,
      "title":"WPL Ltd SAF Submerged Aerated Filter",
      "file":"http:\/\/alex.local\/ecobuild\/2012\/var\/uploads\/exhibitor\/5217\/w6psad4k41.pdf"
    },
    {
      "id":15881,
      "title":"WPL Ltd Developers Rainwater Harvesting",
      "file":"http:\/\/alex.local\/ecobuild\/2012\/var\/uploads\/exhibitor\/5217\/mnyn1htzul.pdf"
    },
    {
      "id":15880,
      "title":"WPL Ltd RainRetain Domestic Rainwater Harvesting",
      "file":"http:\/\/alex.local\/ecobuild\/2012\/var\/uploads\/exhibitor\/5217\/xhwhm0x37s.pdf"
    },
    {
      "id":15879,
      "title":"WPL Ltd HiPAF Wastewater Treatment",
      "file":"http:\/\/alex.local\/ecobuild\/2012\/var\/uploads\/exhibitor\/5217\/a8muojhhj8.pdf"
    },
    {
      "id":15878,
      "title":"WPL Ltd Diamond Sewage Treatment",
      "file":"http:\/\/alex.local\/ecobuild\/2012\/var\/uploads\/exhibitor\/5217\/uz3znrmhkc.pdf"
    }
  ],
  "logo":"http:\/\/alex.local\/ecobuild\/2012\/var\/uploads\/cache\/profile\/logos\/5217\/eb01486e04d9fd93cf2ffaffbcb976a7\/missing.gif"
}