{
  "id":5241,
  "name":"IEEM",
  "stands":"S1843",
  "url":"http:\/\/www.ieem.net",
  "description":"IEEM is the professional body that represents and supports ecologists and  environmental managers in the UK, Ireland and abroad.\n\nEstablished in 1991, we have over 4,400 members drawn from local authorities, government agencies, industry, environmental consultancy, teaching\/research, and NGOs.",
  "address":"43 Southgate Street<br\/>Winchester<br\/>Hampshire<br\/>United Kingdom<br\/>SO23 9EH",
  "product_images":[
    
  ],
  "press_releases":[
    
  ],
  "papers_articles":[
    
  ],
  "sales_marketing":[
    
  ],
  "logo":"http:\/\/alex.local\/ecobuild\/2012\/var\/uploads\/cache\/profile\/logos\/5241\/eb01486e04d9fd93cf2ffaffbcb976a7\/missing.gif"
}