{
  "id":5248,
  "name":"Habitat Aid Limited",
  "stands":"S1867",
  "url":"http:\/\/www.habitataid.co.uk",
  "description":"We can supply whatever you need for habitat restoration or native planting schemes to improve biodiversity.\n\nWe supply high quality British native trees, plants, aquatic plants, seeds and heritage fruit trees, which we source through our community of small specialist UK nurseries and growers. \n\nWe have close links to a number of UK conservation charities, to whom we donate half our profits from online sales. Many of these are also clients, including Buglife, the Bumblebee Conservation Trust, British Beekeepers' Association and Butterfly Conservation.\n\nWe also increasingly work with corporate clients and landscape and ecology professionals. Corporate clients include the Co-op, Hillier\u2019s Nurseries, Nestle, M&S, Noble Foods and government organizations the Forestry Commission, the Environment Agency and the Highways Agency.",
  "address":"Hookgate Cottage<br\/>South Brewham<br\/>Somerset<br\/>United Kingdom<br\/>BA10 0LQ",
  "product_images":[
    
  ],
  "press_releases":[
    
  ],
  "papers_articles":[
    
  ],
  "sales_marketing":[
    
  ],
  "logo":"http:\/\/alex.local\/ecobuild\/2012\/var\/uploads\/cache\/profile\/logos\/5248\/eb01486e04d9fd93cf2ffaffbcb976a7\/missing.gif"
}