{
  "id":5310,
  "name":"Libra Energy UK Ltd",
  "stands":"S2660",
  "url":"http:\/\/www.libra-energy.co.uk",
  "description":"",
  "address":"Unit D2 Thorne Enterprise Park<br\/>King Edward Road<br\/>King Edward Road<br\/>Thorne<br\/>South Yorkshire<br\/>United Kingdom<br\/>DN8 4HU",
  "product_images":[
    
  ],
  "press_releases":[
    
  ],
  "papers_articles":[
    
  ],
  "sales_marketing":[
    {
      "id":16139,
      "title":"Brochure",
      "file":"http:\/\/alex.local\/ecobuild\/2012\/var\/uploads\/exhibitor\/5310\/2nbupkfloo.pdf"
    }
  ]
}