{
  "id":5320,
  "name":"Jinko Solar",
  "stands":"S2910",
  "url":"http:\/\/www.jinkosolar.com",
  "description":"JinkoSolar Holding Co., Ltd. (NYSE: JKS) is a leading solar power product manufacturer with production operations in Jiangxi and Zhejiang Provinces in China and sales and marketing offices in Shanghai and Beijing, China; Munich, Germany; Bologna, Italy; Montpellier, France; Zug, Switzerland; San Francisco, U.S.; Queensland, Australia; Ontario, Canada and Singapore. \n\nJinkoSolar has built a vertically integrated solar product value chain with an integrated annual capacity of approximately 1.2 GW each for silicon wafers, solar cells and solar modules as of September 30, 2012. JinkoSolar distributes its photovoltaic products to a diversified customer base in the global PV market, including in Germany, Italy, Belgium, Spain, the United States, France, Eastern Europe, China and other countries and regions.",
  "address":"16F, Building No. 2<br\/>428 South Yang Goa Road<br\/>Shanghai<br\/>China<br\/>200127",
  "product_images":[
    
  ],
  "press_releases":[
    
  ],
  "papers_articles":[
    
  ],
  "sales_marketing":[
    
  ],
  "logo":"http:\/\/alex.local\/ecobuild\/2012\/var\/uploads\/cache\/profile\/logos\/5320\/eb01486e04d9fd93cf2ffaffbcb976a7\/missing.gif"
}