{
  "id":5323,
  "name":"Renewable Resources (Energy Solutions) Ltd",
  "stands":"S2935",
  "url":"http:\/\/www.rr-ltd.com",
  "description":"Renewable Resources are a fully accredited installation contractor for Solar Photovoltaic (PV). Coming from a commercial roofing background and fully qualified in PV installation, we offer a professional consultation, design and installation package to all our clients. Our in-house design team of qualified electrical engineers are fully trained in all aspects of design & installation. We are working actively in the domestic, commercial and public sectors helping these people and organisations lower their carbon emissions and generate an additional income through investing in renewable technology.",
  "address":"(Energy Solutions) Ltd<br\/>Milton Keynes Business Centre<br\/>Foxhunter Drive, Linford Wood<br\/>Milton Keynes<br\/>Buckinghamshire<br\/>United Kingdom<br\/>MK14 6GD",
  "product_images":[
    
  ],
  "press_releases":[
    
  ],
  "papers_articles":[
    
  ],
  "sales_marketing":[
    
  ],
  "logo":"http:\/\/alex.local\/ecobuild\/2012\/var\/uploads\/cache\/profile\/logos\/5323\/eb01486e04d9fd93cf2ffaffbcb976a7\/missing.gif"
}