{
  "id":5350,
  "name":"SunConnex BV",
  "stands":"S3240",
  "url":"http:\/\/www.sunconnex.com",
  "description":"SunConnex has over 20 years of experience in the distribution of PV materials and project development. Founded in 1989 in Amsterdam, The Netherlands, SunConnex quickly expanded its business to other markets. Through our local offices in several European countries and further abroad we offer a wide portfolio of high-quality brands of PV modules, inverters, mounting systems and other accessories. We have direct purchase agreements with all our suppliers, which enables us to offer a fast, reliable and competitive service to our partners.\nOur extensive technical knowledge and varied experience in projects makes SunConnex stand out as one of the major players in the PV industry. We can advise you on and find a solution to your PV needs as SunConnex combines the different skills needed to develop and carry out large scale PV installations on industrial and residential roofs and on open fields.",
  "address":"Hettenheuvelweg 14<br\/>Amsterdam<br\/>BN<br\/>Netherlands<br\/>1101",
  "product_images":[
    
  ],
  "press_releases":[
    
  ],
  "papers_articles":[
    
  ],
  "sales_marketing":[
    
  ],
  "logo":"http:\/\/alex.local\/ecobuild\/2012\/var\/uploads\/cache\/profile\/logos\/5350\/eb01486e04d9fd93cf2ffaffbcb976a7\/missing.gif"
}