{
  "id":5351,
  "name":"Jiangsu Zeversolar New Energy Co., Ltd",
  "stands":"S3245",
  "url":"http:\/\/www.zeversolar.com",
  "description":"\u201cJiangsu Zeversolar New Energy Co., Ltd.\u201d is merged by \u201cJiangsu Eversolar New Energy Co., Ltd.\u201d and \u201cJiangsu ZOF New Energy Ltd.\u201d Zeversolar combines Eversolar\u2019s low and medium power inverters and ZOF\u2019s high power inverters, in other words, Zeversolar possesses all series of on-grid photovoltaic inverters from 1.5kW to 1MW. All the inverters can meet the requirement of different systems, including household roof system, commercial roof system, large-scale ground PV power plant system, and etc. Meanwhile, Zeversolar has monitoring products, such as PMU, Solareye, in order to satisfy special monitoring requirements. After merged, Zeversolar has 400 employees, and by the end of 2011, the production capacity has been enlarged to 2GW.",
  "address":"Building 9<br\/>No. 198 Xiangyang Road<br\/>Suzhou<br\/>China<br\/>215011",
  "product_images":[
    
  ],
  "press_releases":[
    
  ],
  "papers_articles":[
    
  ],
  "sales_marketing":[
    
  ],
  "logo":"http:\/\/alex.local\/ecobuild\/2012\/var\/uploads\/cache\/profile\/logos\/5351\/eb01486e04d9fd93cf2ffaffbcb976a7\/missing.gif"
}