{
  "id":5364,
  "name":"Aura Long Life Lamps Ltd",
  "stands":"S347",
  "url":"http:\/\/www.auralight.com",
  "description":"",
  "address":"4 Pearson Road<br\/>Central Park<br\/>Telford<br\/>Shropshire<br\/>United Kingdom<br\/>TF2 9TX",
  "product_images":[
    
  ],
  "press_releases":[
    
  ],
  "papers_articles":[
    
  ],
  "sales_marketing":[
    {
      "id":16064,
      "title":"Aura's LED",
      "file":"http:\/\/alex.local\/ecobuild\/2012\/var\/uploads\/exhibitor\/5364\/zsp1flwcyq.pdf"
    }
  ]
}