{
  "id":106,
  "name":"Financing green property",
  "time":"10.30 &ndash; 11.30",
  "location":"",
  "description":"Hosted by: Bill Hughes, Managing Director, Legal and General",
  "speakers":[
    {
      "id":1301,
      "name":"Nigel Roberts",
      "occupation":"Head of Strategy, Hermes"
    },
    {
      "id":1302,
      "name":"Nigel Webb",
      "occupation":"Head of Development, British Land"
    },
    {
      "id":1335,
      "name":"Ashley Blake",
      "occupation":"Director of Retail Portfolio Management, Land Securities"
    }
  ]
}