{
  "id":110,
  "name":"The shop of the future",
  "time":"16.00 &ndash; 17.00",
  "location":"",
  "description":"",
  "speakers":[
    {
      "id":1313,
      "name":"Geoff Harris",
      "occupation":"Director of Property & Development, Henderson"
    },
    {
      "id":1314,
      "name":"Naomi Wells",
      "occupation":"Head of Future Planning & Sustainable Development, Waitrose"
    },
    {
      "id":1315,
      "name":"Munish Datta",
      "occupation":"Head of Property Plan A, Marks and Spencer"
    },
    {
      "id":1336,
      "name":"Neil Sachdev",
      "occupation":"Property Director, Sainsbury\u2019s"
    },
    {
      "id":1337,
      "name":"Neil Pennell",
      "occupation":"Director of Property Engineering, Land Securities"
    }
  ]
}