{
  "id":114,
  "name":"Successfully delivering sustainable buildings in emerging markets",
  "time":"16.00 &ndash; 17.00",
  "location":"Platinum Suite 1",
  "description":"What are the challenges in delivering sustainable buildings in emerging markets and what strategies are needed for success?",
  "speakers":[
    {
      "id":1520,
      "name":"Helen Pineo",
      "occupation":"BREEAM Communities Manager, BRE"
    },
    {
      "id":1521,
      "name":"Representative from Premier Inn",
      "occupation":"(name tbc)"
    },
    {
      "id":1658,
      "name":"Representative from the Shenzen Goverment, China",
      "occupation":"(name tbc)"
    }
  ]
}