{
  "id":76,
  "name":"Does the UK have any hope of achieving its 2050 carbon reduction target?",
  "time":"12.45 &ndash; 13.45",
  "location":"Platinum Suite 2",
  "description":"",
  "speakers":[
    {
      "id":1241,
      "name":"David Reiner",
      "occupation":"Senior Lecturer in Technology Policy, Judge Business School, University of Cambridge"
    },
    {
      "id":1244,
      "name":"David Strong",
      "occupation":"Consultant, David Strong Consulting"
    },
    {
      "id":1237,
      "name":"Paul King",
      "occupation":"Chief Executive, UK Green Building Council (UK-GBC)"
    },
    {
      "id":1322,
      "name":"Additional speakers to be confirmed",
      "occupation":"(tbc)"
    }
  ]
}