{
  "id":80,
  "name":"Is fracking the future?",
  "time":"16.00 &ndash; 17.00",
  "location":"Ecobuild Arena",
  "description":"",
  "speakers":[
    {
      "id":1250,
      "name":"Dr Victoria Johnson",
      "occupation":"Senior Researcher and Head of Climate Change and Energy, New Economics Foundation"
    },
    {
      "id":1506,
      "name":"John Broderick",
      "occupation":"Knowledge Transfer Fellow, Tyndall Climate Change Institute"
    },
    {
      "id":1341,
      "name":"Dr Richard Miller",
      "occupation":"Independent Peak Oil Consultant"
    }
  ]
}