{
  "id":92,
  "name":"Is the NPPF delivering on its promise of &#039;sustainable development&#039;?",
  "time":"10.45 &ndash; 12.00",
  "location":"Ecobuild Arena",
  "description":"The NPPF one year on - how well is it working, where are the failures and what can be done about these?",
  "speakers":[
    {
      "id":1272,
      "name":"Dr Hugh Ellis",
      "occupation":"Chief Planner, Town and Country Planning Association (TCPA)"
    },
    {
      "id":1274,
      "name":"Brian Waters",
      "occupation":"Chairman, National Planning Forum  and Vice Chair, NPF (Professions)"
    },
    {
      "id":1322,
      "name":"Additional speakers to be confirmed",
      "occupation":"(tbc)"
    }
  ]
}