{
  "id":96,
  "name":"Dehydrating while we drown",
  "time":"14.15 &ndash; 15.15",
  "location":"Platinum Suite 2",
  "description":"Rainfall patterns have become highly unpredictable as last drought and record rainfall demonstrates. The only reason to install water saving systems is to get BREEAM points and meet water regulations, which only apply to new homes. What else can be done to reduce water use?",
  "speakers":[
    {
      "id":1280,
      "name":"Trevor Bishop",
      "occupation":"Head of Water Resources, Environment Agency"
    },
    {
      "id":1282,
      "name":"Mark Pendlington",
      "occupation":"Director, Anglian Water Regional Group; and Chairman, New Anglia's Green Economy Pathfinder Board"
    },
    {
      "id":1505,
      "name":"David Weight",
      "occupation":"Sustainability Consultant, AECOM"
    },
    {
      "id":1340,
      "name":"Professor Chris Spray",
      "occupation":"Chair, Water Science and Policy at UNESCO Centre, University of Dundee"
    }
  ]
}