{
  "id":97,
  "name":"Reinventing the high street",
  "time":"14.45 &ndash; 15.45",
  "location":"Ecobuild Arena",
  "description":"Hosted by: Emily Maitlis",
  "speakers":[
    {
      "id":1284,
      "name":"Dan Thompson",
      "occupation":"Artist and Founder, The Empty Shops Network"
    },
    {
      "id":1320,
      "name":"Chris Brown",
      "occupation":"Chief Executive, Igloo"
    },
    {
      "id":1315,
      "name":"Munish Datta",
      "occupation":"Head of Property Plan A, Marks and Spencer"
    },
    {
      "id":1332,
      "name":"David Kohn",
      "occupation":"Director, David Kohn Architects"
    }
  ]
}