{
  "id":334,
  "name":"Materials - responsible sourcing of construction products: drivers and principles",
  "time":"14.30 &ndash; 16.00",
  "location":"This stream will take place in (room to be confirmed)\n\n",
  "description":"Environmental Assessments and current standards emphasise the importance of responsible materials sourcing. This session explores the drivers and principles for decision making from the perspective of those engaged in development, design and construction.",
  "presentations":[
    {
      "id":1158,
      "name":"Framework standards for responsible materials sourcing (BES 6001)",
      "time":"14.30 &ndash; 16.00",
      "speakers":"Derek Hughes, Responsible Sourcing Scheme Manager, BRE Global"
    },
    {
      "id":1449,
      "name":"tbc",
      "time":"14.30 &ndash; 15.30",
      "speakers":"Nigel McKay, Head of Procurement, Lend Lease"
    },
    {
      "id":1450,
      "name":"tbc",
      "time":"14.30 &ndash; 15.30",
      "speakers":"James Goodfellow, Partner, MAKE Architects"
    }
  ]
}