{
  "id":112,
  "name":"What and where are the market opportunities for sustainability expertise in BRIC nations?",
  "time":"12.45 &ndash; 13.45",
  "location":"Platinum Suite 1",
  "description":"Which countries present a good market opportunity for sustainability expertise and what are the opportunities within those markets?",
  "speakers":[
    {
      "id":1513,
      "name":"Julian Sutherland",
      "occupation":"Design Director, Atkins"
    },
    {
      "id":1514,
      "name":"Simon Rawlinson",
      "occupation":"Head of Strategic Research, EC Harris"
    },
    {
      "id":1515,
      "name":"Jon Lovell",
      "occupation":"Head of Sustainability, Drivers Jonas Deloitte"
    },
    {
      "id":1516,
      "name":"Representative from the Shenzhen Government, China",
      "occupation":"(name tbc)"
    }
  ]
}