{
  "id":73,
  "name":"The Green Deal and ECO \u2013 how will it deliver?",
  "time":"11.30 &ndash; 12.30",
  "location":"Ecobuild Arena",
  "description":"Green Deal finance has been available since the beginning of 2013. How well is it doing, what are the obstacles and can it deliver the promised carbon reductions?",
  "speakers":[
    {
      "id":1237,
      "name":"Paul King",
      "occupation":"Chief Executive, UK Green Building Council (UK-GBC)"
    },
    {
      "id":1238,
      "name":"Howard Kerr",
      "occupation":"Chief Executive, BSI"
    },
    {
      "id":1239,
      "name":"Richard McCarthy",
      "occupation":"Executive Director for Central Government, Capita Symonds"
    },
    {
      "id":1321,
      "name":"Minister from Department of Energy and Climate Change (DECC)",
      "occupation":"(name tbc)"
    }
  ]
}