{
  "id":88,
  "name":"A future for microgeneration?",
  "time":"13.45 &ndash; 15.00",
  "location":"Platinum Suite 2",
  "description":"Cuts in the feed tariff, poor take up of the renewable heat incentive and questionable payback for micro-generation technologies under the Green Deal means the boom is over. What is the future for micro-generation?",
  "speakers":[
    {
      "id":1263,
      "name":"David Richards",
      "occupation":"Director of Sustainability, Arup"
    },
    {
      "id":1266,
      "name":"Jeremy Leggett",
      "occupation":"Author, The Carbon War and Half Gone; Founder and Chairman, Solarcentury and SolarAid; and Chairman, CarbonTracker"
    },
    {
      "id":1268,
      "name":"Dave Sowden",
      "occupation":"Chief Executive, Micropower Council, and Secretary General, Micropower Europe"
    },
    {
      "id":1269,
      "name":"Ant Wilson",
      "occupation":"Director, Sustainability, Building Engineering, AECOM"
    },
    {
      "id":1321,
      "name":"Minister from Department of Energy and Climate Change (DECC)",
      "occupation":"(name tbc)"
    }
  ]
}