{
  "id":94,
  "name":"Integrated infrastructure approach",
  "time":"12.30 &ndash; 13.30",
  "location":"Ecobuild Arena",
  "description":"Investment in infrastructure is needed but it needs to deliver multiple benefits, including linking grey infrastructure more effectively with green. How do we rate the sustainability of infrastructure options and performance?",
  "speakers":[
    {
      "id":1277,
      "name":"Neil Bennett",
      "occupation":"Partner, Farrells"
    },
    {
      "id":1503,
      "name":"Peter Madden",
      "occupation":"Chief Executive, Forum for the Future"
    },
    {
      "id":1483,
      "name":"Martin Powell",
      "occupation":"Global Head of Urban Development, Siemens"
    }
  ]
}