{
  "id":9,
  "name":"Beyond construction",
  "sessions":[
    {
      "date":"Tuesday 05 March",
      "programme":[
        {
          "id":74,
          "time":"11.00 &ndash; 12.00",
          "name":"The biophilic city lecture"
        },
        {
          "id":76,
          "time":"12.45 &ndash; 13.45",
          "name":"Does the UK have any hope of achieving its 2050 carbon reduction target?"
        },
        {
          "id":78,
          "time":"14.15 &ndash; 15.15",
          "name":"The new economic realities lecture"
        },
        {
          "id":80,
          "time":"16.00 &ndash; 17.00",
          "name":"Is fracking the future?"
        }
      ]
    },
    {
      "date":"Wednesday 06 March",
      "programme":[
        {
          "id":81,
          "time":"11.00 &ndash; 12.00",
          "name":"Lecture: Can green drive the next wave of growth?"
        },
        {
          "id":83,
          "time":"12.30 &ndash; 13.30",
          "name":"Carrot or stick? Achieving behaviour change"
        },
        {
          "id":84,
          "time":"14.30 &ndash; 15.30",
          "name":"Joanna Lumley in conversation with Jonathan Dimbleby"
        },
        {
          "id":85,
          "time":"16.15 &ndash; 17.15",
          "name":"Making our cities better"
        }
      ]
    },
    {
      "date":"Thursday 07 March",
      "programme":[
        {
          "id":87,
          "time":"11.00 &ndash; 12.00",
          "name":"The self-sufficient city \u2013 integrating food production into buildings"
        },
        {
          "id":89,
          "time":"12.45 &ndash; 13.45",
          "name":"Is there a future for nuclear?"
        },
        {
          "id":90,
          "time":"14.30 &ndash; 15.30",
          "name":"Climate change \u2013 why we are here?"
        }
      ]
    }
  ]
}