{
  "id":5015,
  "name":"Testo Ltd",
  "stands":"N1806",
  "url":"http:\/\/www.testolimited.com",
  "description":"Testo is a leading manufacturer of high quality measuring instruments. We heavily invest in product research and development at our headquarters in Germany to guarantee we offer our customers instruments that deliver durability, functionality and ease of use.\nTesto also offers instrument service and calibration from our independently accredited ISO 9001:2008 and ISO17025 laboratory.",
  "address":"Newman Lane<br\/>Alton<br\/>Hampshire<br\/>United Kingdom<br\/>GU34 2UR",
  "product_images":[
    {
      "id":15755,
      "title":"Testo 570",
      "thumbnail":"http:\/\/alex.local\/ecobuild\/2012\/var\/uploads\/cache\/exhibitor\/5015\/338942db7ed54422bc01b0eb835279f5\/missing.gif",
      "img":"http:\/\/alex.local\/ecobuild\/2012\/var\/uploads\/cache\/exhibitor\/5015\/83e1f43f5443c9cbd8581762e9e7b931\/missing.gif",
      "description":"Measure digitally and work efficiently with Testo Digital Manifolds. Testo 550, 557 and 570 Digital Manifold range do justice to all daily applications in the refrigeration trade. They can measure various operating parameters with only one instrument. \nTesto 570 is suitable for all demanding activities e.g. storing and documenting measurement data."
    },
    {
      "id":15752,
      "title":"Testo 320",
      "thumbnail":"http:\/\/alex.local\/ecobuild\/2012\/var\/uploads\/cache\/exhibitor\/5015\/338942db7ed54422bc01b0eb835279f5\/missing.gif",
      "img":"http:\/\/alex.local\/ecobuild\/2012\/var\/uploads\/cache\/exhibitor\/5015\/83e1f43f5443c9cbd8581762e9e7b931\/missing.gif",
      "description":"The Testo 320 is the new, multi-function flue gas analyser, making it a reliable instrument for flue gas analysis. With a revolutionary high resolution, coloured graphics display, the measurement results are digitally displayed with graphics screen options. With its wide measuring capability the Testo 320 quickly determines and eliminates malfunctions, monitors legal limit values and spot checks in daily routine work on servicing heating systems."
    },
    {
      "id":15740,
      "title":"Testo 875i",
      "thumbnail":"http:\/\/alex.local\/ecobuild\/2012\/var\/uploads\/cache\/exhibitor\/5015\/338942db7ed54422bc01b0eb835279f5\/missing.gif",
      "img":"http:\/\/alex.local\/ecobuild\/2012\/var\/uploads\/cache\/exhibitor\/5015\/83e1f43f5443c9cbd8581762e9e7b931\/missing.gif",
      "description":"A high quality Thermal Imaging Camera-now at an even more attractive price. The range has recently been upgraded and the new Testo 875i range now offers even more features and benefits."
    },
    {
      "id":15738,
      "title":"Testo 310",
      "thumbnail":"http:\/\/alex.local\/ecobuild\/2012\/var\/uploads\/cache\/exhibitor\/5015\/338942db7ed54422bc01b0eb835279f5\/missing.gif",
      "img":"http:\/\/alex.local\/ecobuild\/2012\/var\/uploads\/cache\/exhibitor\/5015\/83e1f43f5443c9cbd8581762e9e7b931\/missing.gif",
      "description":"Testo's new entry level flue gas analyser is ideal for carrying out flue gas analysis, checking the basic settings of a newly installed system or providing maintenanceon a heating system. With easy handling and long battery lifetimes the Testo 310 is a robust tool for daily work on all critical measurements of any heating system."
    }
  ],
  "press_releases":[
    
  ],
  "papers_articles":[
    {
      "id":16061,
      "title":"Rolfe's Heating Case Story",
      "file":"http:\/\/alex.local\/ecobuild\/2012\/var\/uploads\/exhibitor\/5015\/jw2306i2fh.pdf"
    },
    {
      "id":16060,
      "title":"Testo Thermal Imaging Article",
      "file":"http:\/\/alex.local\/ecobuild\/2012\/var\/uploads\/exhibitor\/5015\/p9cubdxmts.pdf"
    }
  ],
  "sales_marketing":[
    {
      "id":15769,
      "title":"Testo 330 Brochure",
      "file":"http:\/\/alex.local\/ecobuild\/2012\/var\/uploads\/exhibitor\/5015\/4scckyzvbj.pdf"
    },
    {
      "id":15768,
      "title":"Testo 557 Brochure",
      "file":"http:\/\/alex.local\/ecobuild\/2012\/var\/uploads\/exhibitor\/5015\/kk8wpjegul.pdf"
    },
    {
      "id":15767,
      "title":"Testo 550 Brochure",
      "file":"http:\/\/alex.local\/ecobuild\/2012\/var\/uploads\/exhibitor\/5015\/huaeuza8bv.pdf"
    },
    {
      "id":15766,
      "title":"Testo 882 Brochure",
      "file":"http:\/\/alex.local\/ecobuild\/2012\/var\/uploads\/exhibitor\/5015\/pc8u8sy5jx.pdf"
    },
    {
      "id":15765,
      "title":"Testo 875 Brochure",
      "file":"http:\/\/alex.local\/ecobuild\/2012\/var\/uploads\/exhibitor\/5015\/is7hcgbwzj.pdf"
    },
    {
      "id":15763,
      "title":"Testo 320 Brochure",
      "file":"http:\/\/alex.local\/ecobuild\/2012\/var\/uploads\/exhibitor\/5015\/qpujcfxhp3.pdf"
    },
    {
      "id":15762,
      "title":"Testo 310 Brochure",
      "file":"http:\/\/alex.local\/ecobuild\/2012\/var\/uploads\/exhibitor\/5015\/wqoe2fza10.pdf"
    },
    {
      "id":15761,
      "title":"Thermal Imaging for HVAC",
      "file":"http:\/\/alex.local\/ecobuild\/2012\/var\/uploads\/exhibitor\/5015\/xpn3jqtdyq.pdf"
    }
  ],
  "logo":"http:\/\/alex.local\/ecobuild\/2012\/var\/uploads\/cache\/profile\/logos\/5015\/eb01486e04d9fd93cf2ffaffbcb976a7\/missing.gif"
}