{
  "id":5026,
  "name":"netMAGmedia Ltd",
  "stands":"N2102",
  "url":"http:\/\/www.netmagmedia.eu",
  "description":"netMAGmedia publish magazines, websites, email newsletters and social media opportunities to Architects, Specifiers, Housebuilders, Developers, Housing Associations and Selfbuilders. Visit us at Ecobuild to find out how your company can benefit from using our products. We look forward to meeting you!\nCopies of all magazines will be available on our stand and demonstrations of our online products are available.\n\nwww.adfonline.eu, www.hbdonline.eu, www.sbhonline.eu and www.cpbponline.eu",
  "address":"Cointronic House<br\/>Station Road<br\/>Heathfield<br\/>East Sussex<br\/>United Kingdom<br\/>TN21 8DF",
  "product_images":[
    
  ],
  "press_releases":[
    
  ],
  "papers_articles":[
    
  ],
  "sales_marketing":[
    
  ]
}