{
  "id":5067,
  "name":"Orkli S. Coop",
  "stands":"N2650",
  "url":"http:\/\/www.orkli.com",
  "description":"Orkli is manufacturer of solar, underfloor heating-cooling systems and components, heating and plumbing, water heating solutions, thermoelectric safety elements and Ceramat gas burners. Located in the North of Spain has production plants in Brazil and China and sales delegations all over the world. Orkli belongs a Mondragon Group, one of the largest groups in Europe.",
  "address":"Ctra. Zaldibia sn<br\/>Ordizia<br\/>Gipuzkoa<br\/>Spain<br\/>20240",
  "product_images":[
    
  ],
  "press_releases":[
    
  ],
  "papers_articles":[
    
  ],
  "sales_marketing":[
    
  ],
  "logo":"http:\/\/alex.local\/ecobuild\/2012\/var\/uploads\/cache\/profile\/logos\/5067\/eb01486e04d9fd93cf2ffaffbcb976a7\/missing.gif"
}