{
  "id":5075,
  "name":"Baxi Commercial Division",
  "stands":"N2740",
  "url":"http:\/\/www.baxicommercial.co.uk",
  "description":"",
  "address":"Wood Lane<br\/>Erdington<br\/>Birmingham<br\/>West Midlands<br\/>United Kingdom<br\/>B24 9QP",
  "product_images":[
    
  ],
  "press_releases":[
    
  ],
  "papers_articles":[
    
  ],
  "sales_marketing":[
    
  ],
  "logo":"http:\/\/alex.local\/ecobuild\/2012\/var\/uploads\/cache\/profile\/logos\/5075\/eb01486e04d9fd93cf2ffaffbcb976a7\/missing.gif"
}