{
  "id":5078,
  "name":"Minus 7",
  "stands":"N2800",
  "url":"http:\/\/www.minus7.co.uk",
  "description":"Minus7 is a new space heating and hot water technology based on an ambient collector (a roof) and heat pump.  With years of experience spent refining and improving its technology, Minus7 has successfully integrated it's technology into new and existing residential developments.  There are no ugly bolt-ons and no need to face due south - just space heating and 44\u00b0C hot water on tap.  As winner of the South East Renewable Energy Award 2005 and MCS certified as a Solar Thermal Product, Minus7 has a seasonally adjusted COP of above 4 - the best in the market.",
  "address":"Unit 1& 2 Ivy House Farm<br\/>Wolverhampton Road<br\/>Cheslyn Hay<br\/>Staffordshire<br\/>United Kingdom<br\/>WS6 7HX",
  "product_images":[
    
  ],
  "press_releases":[
    
  ],
  "papers_articles":[
    
  ],
  "sales_marketing":[
    
  ],
  "logo":"http:\/\/alex.local\/ecobuild\/2012\/var\/uploads\/cache\/profile\/logos\/5078\/eb01486e04d9fd93cf2ffaffbcb976a7\/missing.gif"
}