{
  "id":5111,
  "name":"Interbud Sp. z o.o",
  "stands":"N343",
  "url":"http:\/\/www.roofing-interbud.pl",
  "description":"Our company specialises in the manufacture of specialised systems used in construction on the Polish and global market.\n\nSince the beginning of our operation, we have created a wide range of products, providing high quality adequate to the progress of the construction market. Constantly gaining new experience and conducting research of the needs of partners concreating the global market, we wish to create a brand associated with the highest European standards. The products by Interbud are characterized with innovative technical solutions which provide professionalism of our activities. We provide quick level of service, technical advising and cooperation conditions perfectly adjusted to each commercial partner.\n\nWe are convinced that thanks to our current development direction and changes in our company, we can guarantee the continuation of the high quality standard of our products.",
  "address":"Przybyszow 27<br\/>Moskorzew<br\/>Poland<br\/>29-130",
  "product_images":[
    
  ],
  "press_releases":[
    
  ],
  "papers_articles":[
    
  ],
  "sales_marketing":[
    
  ],
  "logo":"http:\/\/alex.local\/ecobuild\/2012\/var\/uploads\/cache\/profile\/logos\/5111\/eb01486e04d9fd93cf2ffaffbcb976a7\/missing.gif"
}