{
  "id":5121,
  "name":"Flakt Woods Group Limited",
  "stands":"N3550",
  "url":"http:\/\/www.flaktwoods.co.uk",
  "description":"Fl\u00e4kt Woods UK Limited is a leading global supplier of energy-efficient air solutions operating in both the air climate for buildings and air movement for the infrastructure and industry markets.",
  "address":"Axial Way<br\/>Colchester<br\/>Essex<br\/>United Kingdom<br\/>CO4 5ZD",
  "product_images":[
    
  ],
  "press_releases":[
    
  ],
  "papers_articles":[
    
  ],
  "sales_marketing":[
    
  ],
  "logo":"http:\/\/alex.local\/ecobuild\/2012\/var\/uploads\/cache\/profile\/logos\/5121\/eb01486e04d9fd93cf2ffaffbcb976a7\/missing.gif"
}