{
  "id":5129,
  "name":"Renewable Living Ltd",
  "stands":"N3700",
  "url":"http:\/\/www.renewable-living.com",
  "description":"Renewable Living distribute biomass boilers, thermal stores, accumulation tanks, hot water tanks, solar thermal equipment, Solar PV equipment within the UK from our Wiltshire base.\n\nRenewable Living also install domestic and small industrial systems and are MCS accredited for Solar thermal, biomass and Solar PV.\n\nWe appreciate that \"Renewable Living\" is not easy and offer support and best value products to help installers and end users understand how to move from fossil fuels to renewable energy.\n\nSpecialties - Biomass boilers, Solar thermal, Thermal Stores, accumulation and hot water tanks, Solar PV, Distribution of renewable energy products",
  "address":"Pond Cottage<br\/>Kithurst Park<br\/>Storrington<br\/>Pulborough<br\/>West Sussex<br\/>United Kingdom<br\/>RH20 4JH",
  "product_images":[
    
  ],
  "press_releases":[
    
  ],
  "papers_articles":[
    
  ],
  "sales_marketing":[
    
  ],
  "logo":"http:\/\/alex.local\/ecobuild\/2012\/var\/uploads\/cache\/profile\/logos\/5129\/eb01486e04d9fd93cf2ffaffbcb976a7\/missing.gif"
}