{
  "id":5130,
  "name":"Albrecht Jung GmbH & Co.KG",
  "stands":"N3701",
  "url":"http:\/\/www.jung.de",
  "description":"A. JUNG (founded in 1912) stands for progress and success in the field of electrical installation. With 625 employees, 49 representations and five subsidiaries worldwide JUNG is one of the leading manufacturers of electrical wiring accessories, such as high quality switches, dimmers and lighting control systems in various design ranges.\nIn addition, JUNG is one of the major manufacturers for standardised building management system KNX.",
  "address":"PO Box 1320<br\/>Schalksmuhle<br\/>Germany<br\/>58569",
  "product_images":[
    
  ],
  "press_releases":[
    
  ],
  "papers_articles":[
    
  ],
  "sales_marketing":[
    
  ],
  "logo":"http:\/\/alex.local\/ecobuild\/2012\/var\/uploads\/cache\/profile\/logos\/5130\/eb01486e04d9fd93cf2ffaffbcb976a7\/missing.gif"
}