{
  "id":5133,
  "name":"Eco Angus Ltd",
  "stands":"N3725",
  "url":"http:\/\/www.ecoangus.co.uk",
  "description":"Suppliers of MCS accredited wood burning boilers.\nSimple solutions for greener heating.",
  "address":"Unit 3G<br\/>Burnett Industrial Estate<br\/>Cox's Green<br\/>Bristol<br\/>Avon<br\/>United Kingdom<br\/>BS40 5QR",
  "product_images":[
    {
      "id":15991,
      "title":"Angus Orligno 500",
      "thumbnail":"http:\/\/alex.local\/ecobuild\/2012\/var\/uploads\/cache\/exhibitor\/5133\/338942db7ed54422bc01b0eb835279f5\/missing.gif",
      "img":"http:\/\/alex.local\/ecobuild\/2012\/var\/uploads\/cache\/exhibitor\/5133\/83e1f43f5443c9cbd8581762e9e7b931\/missing.gif",
      "description":"The Angus ORLIGNO 500 Pellet Boiler\n-Burns pellets 6-8mm Diameter 10-50mm Long\n-Rated at 92% gross heat efficiency\n-255 litre container for long burn times without necessity for extra loading\n-Self ignition\n-Spacious combustion chamber with large opening for easy fuel loading\n-Boiler has microprocessor controller to ensure fuel burn efficiency and control numerous safety features\n-170 hour burn time at average power\n-93 hour burn time at average power\n-46 hour burn time at maximum power\n-Effective design of feeder system ensures correct burning process, avoids blockages in fuel feeding,avoids fouling of the furnace,backfire to the container and blow out.\n-Suitable for open vented system or pressurized system\n-This boiler must be fitted with an appropriately sized stainless steel twin wall flue (single wall flue is not suitable)"
    },
    {
      "id":15990,
      "title":"Angus Orligno 200",
      "thumbnail":"http:\/\/alex.local\/ecobuild\/2012\/var\/uploads\/cache\/exhibitor\/5133\/338942db7ed54422bc01b0eb835279f5\/missing.gif",
      "img":"http:\/\/alex.local\/ecobuild\/2012\/var\/uploads\/cache\/exhibitor\/5133\/83e1f43f5443c9cbd8581762e9e7b931\/missing.gif",
      "description":"The Angus Orligno 200 Gasification Log Boilers\n-This is our top of the the range wood gasification log boilers\n-Full MCS and Hetas certification\n-Rated at 92% gross heat efficiency\n-Logs from 500mm to 1000mm long and up to 10\" diameter depending on size of boiler\n-Suitable for open vented or pressurized system\n-8mm inner jacket for prolonged life cycle\n-Minimal ash output\n-Must be installed with appropriately sized accumulator tank (50:1 ration of kW output to litres of thermal store) and Laddomat thermoregulator to ensure maximum efficiency of the boiler\n-Silicon sealed glass fibre rope on loading chamber door for tight seal\n-New door handle locking mechanism to enable a strong seal of the loading chamber with the minimum of effort\n-Absorber strip to take any smoke loss form loading chamber to the side of the boiler\n-Connections for cooling coil at rear of boiler for ease of installation in confined spaces\n-Mechanical heat exchanger cleaning handle\n-Hinges on doors can adjusted vertically or horizontally\n-Fan modulation adjustable for maximum burn efficiency\n-Primary and secondary air vents adjustable to optimize burn efficiency\n-Specially designed firebrick that has a 1 year warranty. It is made of high grade alumina silica refractory concrete heat resistant to 1350 degrees Celsius and improves the flow of the combustion gases through the combustion chamber.\n-Hinged control panel cover\n-Remote control with 15 metre wire as extra can be fitted to control panel\n-This boiler must be fitted with an appropriately sized stainless steel twin wall flue (single wall flue is not suitable)"
    },
    {
      "id":15989,
      "title":"Angus Super",
      "thumbnail":"http:\/\/alex.local\/ecobuild\/2012\/var\/uploads\/cache\/exhibitor\/5133\/338942db7ed54422bc01b0eb835279f5\/missing.gif",
      "img":"http:\/\/alex.local\/ecobuild\/2012\/var\/uploads\/cache\/exhibitor\/5133\/83e1f43f5443c9cbd8581762e9e7b931\/missing.gif",
      "description":"The Angus Super Gasification Log Boilers\n-This is one of our top range wood gasification log boilers\n-Full MCS and Hetas certification\n-Rated at 92% gross heat efficiency\n-Logs from 500mm to 1000mm long and up to 10\" diameter depending on size of boiler\n-Suitable for open vented or pressurized system -6mm inner jacket for long life cycle\n-Minimal ash output\n-Must be installed with appropriately sized accumulator tank (50:1 ration of kW output to litres of thermal store) and Laddomat thermoregulator to ensure maximum efficiency of the boiler\n-Mechanical heat exchanger cleaning handle\n-Hinges on doors can adjusted vertically\n-Fan modulation adjustable for maximum burn efficiency\n-Primary and secondary air vents adjustable to optimize burn efficiency\n-Remote control with 15 metre wire as extra can be fitted to control panel\n-This boiler must be fitted with an appropriately sized stainless steel twin wall flue (single wall flue is not suitable)"
    }
  ],
  "press_releases":[
    
  ],
  "papers_articles":[
    {
      "id":15994,
      "title":"80kW Angus Orligno 200 with 4000l thermal store",
      "file":"http:\/\/alex.local\/ecobuild\/2012\/var\/uploads\/exhibitor\/5133\/ctkre21lpy.pdf"
    },
    {
      "id":15993,
      "title":"40kW Angus Orligno 200 with 2000l thermal store",
      "file":"http:\/\/alex.local\/ecobuild\/2012\/var\/uploads\/exhibitor\/5133\/yayyuaf3uv.pdf"
    },
    {
      "id":15992,
      "title":"Angus Super 40kW installation with 2 x 1000l thermal stores",
      "file":"http:\/\/alex.local\/ecobuild\/2012\/var\/uploads\/exhibitor\/5133\/o0mrzee93l.pdf"
    }
  ],
  "sales_marketing":[
    {
      "id":16025,
      "title":"Product brochure Original",
      "file":"http:\/\/alex.local\/ecobuild\/2012\/var\/uploads\/exhibitor\/5133\/jvpf5tihfq.pdf"
    },
    {
      "id":16024,
      "title":"Angus Orligno 400 Product Brochure",
      "file":"http:\/\/alex.local\/ecobuild\/2012\/var\/uploads\/exhibitor\/5133\/sutrlbmv7p.pdf"
    },
    {
      "id":16023,
      "title":"Angus Orligno 100 Product Brochure",
      "file":"http:\/\/alex.local\/ecobuild\/2012\/var\/uploads\/exhibitor\/5133\/zedorbd6nn.pdf"
    },
    {
      "id":16021,
      "title":"Angus Orligno 200 Product Brochure",
      "file":"http:\/\/alex.local\/ecobuild\/2012\/var\/uploads\/exhibitor\/5133\/s4ohogccd4.pdf"
    },
    {
      "id":16019,
      "title":"Angus Orligno 500 Instruction Manual",
      "file":"http:\/\/alex.local\/ecobuild\/2012\/var\/uploads\/exhibitor\/5133\/dplj7osiwo.pdf"
    },
    {
      "id":16009,
      "title":"Angus Orligno 200 Instruction Manual",
      "file":"http:\/\/alex.local\/ecobuild\/2012\/var\/uploads\/exhibitor\/5133\/dypw9lprpj.pdf"
    },
    {
      "id":16008,
      "title":"Angus Super 130kW Instruction Manual",
      "file":"http:\/\/alex.local\/ecobuild\/2012\/var\/uploads\/exhibitor\/5133\/prtrkp45zr.pdf"
    },
    {
      "id":16006,
      "title":"Angus Super Instruction Manual",
      "file":"http:\/\/alex.local\/ecobuild\/2012\/var\/uploads\/exhibitor\/5133\/mdpxdig1vv.pdf"
    }
  ],
  "logo":"http:\/\/alex.local\/ecobuild\/2012\/var\/uploads\/cache\/profile\/logos\/5133\/eb01486e04d9fd93cf2ffaffbcb976a7\/missing.gif"
}