{
  "id":5163,
  "name":"Premier Guarantee",
  "stands":"N602",
  "url":"http:\/\/www.premierguarantee.co.uk",
  "description":"Premier Guarantee is one of the UK's leading providers of structural warranties, Building Control, sustainability and construction testing services. \n\nSince 1997, we have arranged structural warranty cover on over \u00a330bn of property across the UK and Ireland and with policies in place on over 200,000 housing units, we have become the provider of choice for some of the country's leading property developers. \n\nOur services span throughout the lifetime of your build programme, providing you with assistance from early planning stages, through to final sigh-off of your properties. \n\nPremier Guarantee provides the industry with one of the widest ranges of construction services available on the market, all from one single point of contact.\n\nSpecialties\nStructural Warranties, Building Control, Code for Sustainable Homes, SAP, EPC & SBEM, Ecology & Hydrology Reporting, Daylight Factor Calculations, Air Pressure & Acoustic Testing, Noise & Vibration Reporting, BREEAM, Renewable Energy Reports, Training, CDM",
  "address":"2 Shore Lines Building<br\/>Shore Road<br\/>Wirral<br\/>Merseyside<br\/>United Kingdom<br\/>CH41 1AU",
  "product_images":[
    
  ],
  "press_releases":[
    
  ],
  "papers_articles":[
    
  ],
  "sales_marketing":[
    
  ],
  "logo":"http:\/\/alex.local\/ecobuild\/2012\/var\/uploads\/cache\/profile\/logos\/5163\/eb01486e04d9fd93cf2ffaffbcb976a7\/missing.gif"
}