{
  "id":5165,
  "name":"Sto Ltd",
  "stands":"N610",
  "url":"http:\/\/www.sto.co.uk",
  "description":"High performance external wall insulation, render and acoustic systems. \n\nSto Ltd. is an innovative, award-winning and market leading manufacturer and distributor of:\n \n\u2022 Crack and impact resistant external wall insulation systems \n\u2022 Passivhaus certified facade systems \n\u2022 Thin-coat acrylic renders\n\u2022 Rainscreen Cladding systems (Glass, Stone, Render)\n\u2022 Facade and interior paints \n\u2022 Acoustic systems \n\nOur vision is to be technology leaders in the sustainable design of living spaces tailored to human needs, worldwide. Sto Ltd. is a wholly owned subsidiary of Sto AG and operates within the UK and Ireland.\n ______________________________________________________________________________\n \nOur core business focus is on developing systems which actively contribute to the long term environmental benefit of society.\n \nSustainable Credentials: \n\u2022 EN ISO 14001:2004 (2009) accredited \n\u2022 Our products contain up to 96% recycled materials \n\u2022 Removal of an estimated 150 million tons of CO2 since 1960 through EWI installations",
  "address":"Unit A Antura<br\/>Kingsland Business Park<br\/>Wade Road<br\/>Basingstoke<br\/>Hampshire<br\/>United Kingdom<br\/>RG24 8EN",
  "product_images":[
    
  ],
  "press_releases":[
    
  ],
  "papers_articles":[
    
  ],
  "sales_marketing":[
    
  ],
  "logo":"http:\/\/alex.local\/ecobuild\/2012\/var\/uploads\/cache\/profile\/logos\/5165\/eb01486e04d9fd93cf2ffaffbcb976a7\/missing.gif"
}