{
  "id":5168,
  "name":"ASSA ABLOY Security Solutions",
  "stands":"N622",
  "url":"http:\/\/www.assaabloy.co.uk",
  "description":"The strength of ASSA ABLOY Security Solutions lies in its brands, which include some of the best-known and most trusted names in security. These include Adams Rite, ASSA, Pemko, Trimec, UNION and Valli & Valli. \n\nEach of our brands complements the others with its different strengths, allowing us to offer tailored solutions for all our customers and end users within the construction market. Our solutions are designed to withstand the rigours of demanding environments and achieve the highest legislative accreditations.\n \nASSA ABLOY Security Solutions products include master key systems, security and emergency locks, electric locking products, and supporting architectural hardware such as door furniture, hinges, door closers and escape systems.",
  "address":"Portobello Works<br\/>School Street<br\/>Willenhall<br\/>West Midlands<br\/>United Kingdom<br\/>WV13 3PW",
  "product_images":[
    
  ],
  "press_releases":[
    
  ],
  "papers_articles":[
    
  ],
  "sales_marketing":[
    
  ],
  "logo":"http:\/\/alex.local\/ecobuild\/2012\/var\/uploads\/cache\/profile\/logos\/5168\/eb01486e04d9fd93cf2ffaffbcb976a7\/missing.gif"
}