{
  "id":5170,
  "name":"Renson Fabrications Ltd",
  "stands":"N650",
  "url":"http:\/\/www.renson.eu",
  "description":"RENSON\u00ae's mission is the ongoing development and manufacturing of commercial and residential natural air ventilation and solar shading products.\n\nThese products have a positive environmental impact. They have none or minimal operational costs, they can reduce exterior noise, they improve public health and the ventilators provide high quality fresh air supply.\n\nRENSON\u00ae creates innovative concepts and products for a healthy and comfortable in-house climate by combining low energy consumption and respect for design",
  "address":"Fairfax Units 1 - 5<br\/>Bircholt Road<br\/>Parkwood Industrial Estate<br\/>Maidstone<br\/>Kent<br\/>United Kingdom<br\/>ME15 9SF",
  "product_images":[
    {
      "id":16124,
      "title":"Water Resistant Louvre Blade",
      "thumbnail":"http:\/\/alex.local\/ecobuild\/2012\/var\/uploads\/cache\/exhibitor\/5170\/338942db7ed54422bc01b0eb835279f5\/missing.gif",
      "img":"http:\/\/alex.local\/ecobuild\/2012\/var\/uploads\/cache\/exhibitor\/5170\/83e1f43f5443c9cbd8581762e9e7b931\/missing.gif",
      "description":"The BEST louvre blade in terms of water resistance. It is classified as HEVAC A2 with a suction velocity of 3m\/s.\n\nYou will not find a better performing blade."
    },
    {
      "id":16122,
      "title":"Louvres",
      "thumbnail":"http:\/\/alex.local\/ecobuild\/2012\/var\/uploads\/cache\/exhibitor\/5170\/338942db7ed54422bc01b0eb835279f5\/missing.gif",
      "img":"http:\/\/alex.local\/ecobuild\/2012\/var\/uploads\/cache\/exhibitor\/5170\/83e1f43f5443c9cbd8581762e9e7b931\/missing.gif",
      "description":"We have a broad range of louvre blades to suit every situation. Whether you require them for ventilation, cladding, shading we will have a solution. They can be installed as a continuous system, in a panel or curved."
    },
    {
      "id":16121,
      "title":"Acoustic Ventilation",
      "thumbnail":"http:\/\/alex.local\/ecobuild\/2012\/var\/uploads\/cache\/exhibitor\/5170\/338942db7ed54422bc01b0eb835279f5\/missing.gif",
      "img":"http:\/\/alex.local\/ecobuild\/2012\/var\/uploads\/cache\/exhibitor\/5170\/83e1f43f5443c9cbd8581762e9e7b931\/missing.gif",
      "description":"The best in terms of acoustic ventilation. We offer acoustic trickle ventilators, like the Sonovent seen here, but also have a range of acoustic louvres on offer too."
    },
    {
      "id":16120,
      "title":"Healthbox II",
      "thumbnail":"http:\/\/alex.local\/ecobuild\/2012\/var\/uploads\/cache\/exhibitor\/5170\/338942db7ed54422bc01b0eb835279f5\/missing.gif",
      "img":"http:\/\/alex.local\/ecobuild\/2012\/var\/uploads\/cache\/exhibitor\/5170\/83e1f43f5443c9cbd8581762e9e7b931\/missing.gif",
      "description":"Demand Control Ventilation is the best ventilation technology for helping residents combat their condensation problems and ensuring they achieve the best in terms of Indoor Air Quality.\n\nA third of the price of MVHR, with very little maintence - the Healthbox II is the perfect alternative."
    }
  ],
  "press_releases":[
    
  ],
  "papers_articles":[
    {
      "id":16119,
      "title":"Terrace Covering - Selfridges, London",
      "file":"http:\/\/alex.local\/ecobuild\/2012\/var\/uploads\/exhibitor\/5170\/whevbj072n.pdf"
    },
    {
      "id":16118,
      "title":"External Roller Blinds",
      "file":"http:\/\/alex.local\/ecobuild\/2012\/var\/uploads\/exhibitor\/5170\/hn1ymkm69o.pdf"
    }
  ],
  "sales_marketing":[
    
  ],
  "logo":"http:\/\/alex.local\/ecobuild\/2012\/var\/uploads\/cache\/profile\/logos\/5170\/eb01486e04d9fd93cf2ffaffbcb976a7\/missing.gif"
}