{
  "id":5174,
  "name":"Amorim Cork Composites",
  "stands":"N800",
  "url":"http:\/\/www.amorim.com",
  "description":"Amorim Cork Composites is the leader company on innovative construction applications using cork, inside the Amorim Group, world leader on cork products.\n\nAmorim Cork Composites developed and offers the AcoustiCORK\u00ae solutions \u2013 Natural and Sustainable Underlays&Underscreed \u2013 they\u2019re easy-to-use, cost-effective and high performance alternative to synthetic products. They have been successfully installed throughout Europe, Middle East and USA.\n \nAmorim Cork Composites has also introduced a new solution based \u2013 CORKwall\u00ae - based in cork granules to be used as a finishing coat and for rehabilitation of exterior facades and interior walls. Corkwall\u00ae behaves as an elastic membrane whose main function is to provide acoustic and thermal insulation to new build or building rehabilitation. This product acts as an effective thermal barrier preventing heat loss and visible cracks at the surface. The CORKwall\u00ae exterior also provides the final coating, allowing the customers to pick from a 16 colors palette.",
  "address":"Rua de Meladas<br\/>No 260 - Apartado 1<br\/>Mozelod VFR<br\/>Portugal<br\/>4536-902",
  "product_images":[
    
  ],
  "press_releases":[
    
  ],
  "papers_articles":[
    
  ],
  "sales_marketing":[
    
  ],
  "logo":"http:\/\/alex.local\/ecobuild\/2012\/var\/uploads\/cache\/profile\/logos\/5174\/eb01486e04d9fd93cf2ffaffbcb976a7\/missing.gif"
}