{
  "id":5175,
  "name":"Sunflex UK",
  "stands":"N810",
  "url":"http:\/\/www.sunflexuk.co.uk",
  "description":"Specialists in bi fold doors in aluminium timber and composite timber\/aluminium.  Our Sunflex German systems offer the slimmest profiles, unrivalled thermal efficiency and weather performance.  We have been supplying our systems throughout the UK since 2000.\n\nWe also manufacture aluminium sliding doors, windows, glass roofs and glass balustrades.",
  "address":"Unit B2 Rhombus Business Park<br\/>Diamond Road<br\/>Norwich<br\/>Norfolk<br\/>United Kingdom<br\/>NR6 6NN",
  "product_images":[
    
  ],
  "press_releases":[
    
  ],
  "papers_articles":[
    
  ],
  "sales_marketing":[
    
  ]
}