{
  "id":5201,
  "name":"Green Desk",
  "stands":"S1163",
  "url":"http:\/\/www.mygreendesk.com",
  "description":"Greendesk has emerged from the collective experience, knowledge and creativity harvested over the last five years through the activities of a successful team of entrepreneurs and business leaders.\nGreendesk is unique because it enables effective control of organisations\u2019 utility, waste and transport impacts through a single, intuitive cloud-based application.  Greendesk makes it easy to upload historical data, manage current performance and plan future business strategy.  Greendesk ensures cost, consumption and carbon reduction opportunities are realised through its engaging and accessible interface and outputs.",
  "address":"5C The Parade<br\/>Exmouth<br\/>Devon<br\/>United Kingdom<br\/>EX8 1RS",
  "product_images":[
    {
      "id":15936,
      "title":"Greendesk",
      "thumbnail":"http:\/\/alex.local\/ecobuild\/2012\/var\/uploads\/cache\/exhibitor\/5201\/338942db7ed54422bc01b0eb835279f5\/missing.gif",
      "img":"http:\/\/alex.local\/ecobuild\/2012\/var\/uploads\/cache\/exhibitor\/5201\/83e1f43f5443c9cbd8581762e9e7b931\/missing.gif",
      "description":"Greendesk is the next generation of resource management software that allows users to measure and manage their core business costs."
    }
  ],
  "press_releases":[
    
  ],
  "papers_articles":[
    
  ],
  "sales_marketing":[
    {
      "id":15935,
      "title":"Greendesk Infographic",
      "file":"http:\/\/alex.local\/ecobuild\/2012\/var\/uploads\/exhibitor\/5201\/mp0lzlpnrr.pdf"
    }
  ],
  "logo":"http:\/\/alex.local\/ecobuild\/2012\/var\/uploads\/cache\/profile\/logos\/5201\/eb01486e04d9fd93cf2ffaffbcb976a7\/missing.gif"
}