{
  "id":5203,
  "name":"Viridien Employee Engagement",
  "stands":"S1165",
  "url":"http:\/\/www.viridien.co.uk",
  "description":"Motivating and Rewarding Sustainability in the Workplace with 'eCubed'\n\nOur employee engagement programme assists companies wanting to promote a more sustainable culture. Combining latest technology and engaging communications, completely tailored and delivered by an account manager, enables a company to quickly and easily implement a fun, reward-based programme for employees to enjoy participating in.  Having sustainability as a core principle underpins a thriving, forward moving company.  \n\nWhat\u2019s the end result? A workforce that instinctively considers efficiency every day and a business that has an improved bottom line, either through an uplift in business demand or a decrease in operational costs.",
  "address":"66 Porchester Road<br\/>London<br\/>United Kingdom<br\/>W2 6ET",
  "product_images":[
    
  ],
  "press_releases":[
    
  ],
  "papers_articles":[
    
  ],
  "sales_marketing":[
    
  ],
  "logo":"http:\/\/alex.local\/ecobuild\/2012\/var\/uploads\/cache\/profile\/logos\/5203\/eb01486e04d9fd93cf2ffaffbcb976a7\/missing.gif"
}