{
  "id":5254,
  "name":"Earthscan From Routledge",
  "stands":"S1932",
  "url":"http:\/\/www.earthscan.co.uk",
  "description":"Building on two centuries' experience, Taylor & Francis which includes the Routledge imprint has grown rapidly over the last two decades to become a leading international academic publisher.The Taylor & Francis Group publishes more than 1000 journals and around 1,800 new books each year, with a books backlist in excess of 20,000 specialist titles of which over 100 titles a a year are in the Built Environment arena. Covering everything from digital architecture to the building regulations. \n\nwww.routledgearchitecture.com\n\nwww.tandfbuiltenvironment.com",
  "address":"2 Park Square<br\/>Milton Park<br\/>Abingdon<br\/>Oxfordshire<br\/>United Kingdom<br\/>OX14 4RN",
  "product_images":[
    
  ],
  "press_releases":[
    
  ],
  "papers_articles":[
    
  ],
  "sales_marketing":[
    
  ]
}