{
  "id":5361,
  "name":"Clipso",
  "stands":"S336",
  "url":"http:\/\/www.clipso.com",
  "description":"",
  "address":"Lower Wall Road<br\/>West Hythe<br\/>Kent<br\/>United Kingdom<br\/>CT21 4NN",
  "product_images":[
    {
      "id":16274,
      "title":"Clipso Translucent coverings",
      "thumbnail":"http:\/\/alex.local\/ecobuild\/2012\/var\/uploads\/cache\/exhibitor\/5361\/338942db7ed54422bc01b0eb835279f5\/missing.gif",
      "img":"http:\/\/alex.local\/ecobuild\/2012\/var\/uploads\/cache\/exhibitor\/5361\/83e1f43f5443c9cbd8581762e9e7b931\/missing.gif",
      "description":"Translucent Covering \nPolyester knitted fabric coated with polyurethane (PU)\n\nWidth\nUp to 5,10 meters (no joints or seams)\n\nWeight\n200 gr\/m2, +\/- 10%\n\nColor\nTranslucent white\n\nAppearance\nTranslucent, smooth and uniform\n\nQuality\nMore resistant than the PVC film, does not crack\n\nCE Classification\nSee information at the bottom of the page\n\nEnvironment\nFree from halogens and heavy metals\n\nResistance to humidity\nCLIPSO\u00ae is hydrophobic and is not affected by damp and chlorinated conditions\n\nPackaging\nCut to measure or in roll (50 m)"
    },
    {
      "id":16273,
      "title":"Clipso Standard 705S",
      "thumbnail":"http:\/\/alex.local\/ecobuild\/2012\/var\/uploads\/cache\/exhibitor\/5361\/338942db7ed54422bc01b0eb835279f5\/missing.gif",
      "img":"http:\/\/alex.local\/ecobuild\/2012\/var\/uploads\/cache\/exhibitor\/5361\/83e1f43f5443c9cbd8581762e9e7b931\/missing.gif",
      "description":"Standard Covering 705 S\nPolyester knitted fabric coated with polyurethane (PU)\n\nWidth\nUp to 5,10 meters (no joints or seams)\n\nWeight\n245 gr\/m2, +\/- 10%\n\nColors\nOptical white, Classical white\n\nAppearance\nMatt, smooth and uniform\n\nQuality\nMore resistant than the PVC film, does not crack\n\nCE Classification\nSee information at the bottom of the page\n\nResistance to humidity\nCLIPSO\u00ae is hydrophobic and is not affected\nby damp and chlorinated conditions\n\nPackaging\nCut to measure or in roll (50 m)"
    },
    {
      "id":16272,
      "title":"Clipso Acoustic 705A",
      "thumbnail":"http:\/\/alex.local\/ecobuild\/2012\/var\/uploads\/cache\/exhibitor\/5361\/338942db7ed54422bc01b0eb835279f5\/missing.gif",
      "img":"http:\/\/alex.local\/ecobuild\/2012\/var\/uploads\/cache\/exhibitor\/5361\/83e1f43f5443c9cbd8581762e9e7b931\/missing.gif",
      "description":"Acoustic Covering 705 A\nPolyester knitted fabric coated with polyurethane (PU)\n\nWidth\nUp to 5,10 meters (no joints or seams)\n\nWeight\n210 gr\/m2, +\/- 10%\n\nColors\nWhite, Beige and Black\n\nAppearance\n- Matt, smooth and uniform\n- Approx. 250\u2019000 invisible holes per m2\n\nQuality\nMore resistant than the PVC film, does not crack\n\nCE Classification\nSee information at the bottom of the page\n\nResistance to humidity\nCLIPSO\u00ae is hydrophobic and is not affected\nby damp and chlorinated conditions\n\nCharacteristic\nAcoustic optimization (see folder)\n\nPackaging\nCut to measure or in roll (50 m)"
    },
    {
      "id":16270,
      "title":"Clipso Acoustic 495D",
      "thumbnail":"http:\/\/alex.local\/ecobuild\/2012\/var\/uploads\/cache\/exhibitor\/5361\/338942db7ed54422bc01b0eb835279f5\/missing.gif",
      "img":"http:\/\/alex.local\/ecobuild\/2012\/var\/uploads\/cache\/exhibitor\/5361\/83e1f43f5443c9cbd8581762e9e7b931\/missing.gif",
      "description":"Acoustic Covering 495 D\nColoured polyester screen\n\nWidth\nUp to 5,10 meters (no joints or seams)\n\nWeight\n230 (Black) - 330 (other colors) gr\/m2, +\/- 10 %\n\nColors\nWhite, Beige and Black. Other colors on request\n\nAppearance\nMatt, fabric touch, microperforation material\n\nQuality\nMore resistant than the PVC film, does not crack\n\nCE Classification\nSee information at the bottom of the page\n\nCharacteristic\nAcoustic optimization (see documentation)\n\nPackaging\nCut to measure or in roll (50 m)"
    }
  ],
  "press_releases":[
    
  ],
  "papers_articles":[
    
  ],
  "sales_marketing":[
    {
      "id":16266,
      "title":"Clipso presentation",
      "file":"http:\/\/alex.local\/ecobuild\/2012\/var\/uploads\/exhibitor\/5361\/keurh4eaq9.pdf"
    },
    {
      "id":16264,
      "title":"Clipso innovative solution for ceilings and walls",
      "file":"http:\/\/alex.local\/ecobuild\/2012\/var\/uploads\/exhibitor\/5361\/01btgkrjqq.pdf"
    }
  ]
}