{
  "id":4965,
  "name":"LABC Warranty",
  "stands":"N102",
  "url":"http:\/\/www.labcwarranty.co.uk",
  "description":"",
  "address":"2 Shore Lines Building<br\/>Shore Road<br\/>Birkenhead<br\/>Wirral<br\/>United Kingdom<br\/>CH41 1AU",
  "product_images":[
    
  ],
  "press_releases":[
    
  ],
  "papers_articles":[
    
  ],
  "sales_marketing":[
    
  ],
  "logo":"http:\/\/alex.local\/ecobuild\/2012\/var\/uploads\/cache\/profile\/logos\/4965\/eb01486e04d9fd93cf2ffaffbcb976a7\/missing.gif"
}