{
  "id":4973,
  "name":"DCE Publications",
  "stands":"N1172",
  "url":"http:\/\/www.directcontactexhibitions.com",
  "description":"Steve Hilton, CPD Specifier's Editor\/Publisher, will be on the stand ALL three days to see Ecobuild attendees and other exhibitors.\nNew for 2013 from DCE - CSi - Construction Showcase Information - and the ever popular DCE CPD Networking events.",
  "address":"The Oaks<br\/>Wesleyan Road<br\/>Ashley<br\/>Market Drayton<br\/>Shropshire<br\/>United Kingdom<br\/>TF9 4JT",
  "product_images":[
    
  ],
  "press_releases":[
    
  ],
  "papers_articles":[
    
  ],
  "sales_marketing":[
    
  ],
  "logo":"http:\/\/alex.local\/ecobuild\/2012\/var\/uploads\/cache\/profile\/logos\/4973\/eb01486e04d9fd93cf2ffaffbcb976a7\/missing.gif"
}