{
  "id":4994,
  "name":"Neolux",
  "stands":"N1409",
  "url":"http:\/\/www.neolux.fr",
  "description":"NEOLUX is a French company which specialises in design, creation and integration of innovative LED lighting solutions for professionals. It positions itself on niche and top range markets. NEOLUX proposes quality products and high added value services:\n- a multidisciplinary R&D department which devices innovative products and also can attend customized projects\n- a photometry laboratory unique in Europe thanks to which we can qualify products dedicated to high-tech markets\n- a collaborative partnership with the CEA-Leti, a French research laboratory\n- a total mastery of industrial processes (technological watch, qualification of partners, conception and making) which fully complies with professionals\u2019 needs and the rapid growth of the market.\n- a full service offer which secures customer relationships: bespoke conception, technical and economical studies, technical advice and lighting design.",
  "address":"A\u00e9rodrome du Breuil<br\/>La Chapelle<br\/>Vendamoise<br\/>France<br\/>41330",
  "product_images":[
    
  ],
  "press_releases":[
    
  ],
  "papers_articles":[
    
  ],
  "sales_marketing":[
    
  ],
  "logo":"http:\/\/alex.local\/ecobuild\/2012\/var\/uploads\/cache\/profile\/logos\/4994\/eb01486e04d9fd93cf2ffaffbcb976a7\/missing.gif"
}