{
  "id":5009,
  "name":"Secon Solar Ltd",
  "stands":"N1615",
  "url":"http:\/\/www.seconsolar.com",
  "description":"",
  "address":"Unit 87 Business & Innovation Centre<br\/>Wearfield<br\/>Sunderland<br\/>Tyne & Wear<br\/>United Kingdom<br\/>SR5 2TH",
  "product_images":[
    
  ],
  "press_releases":[
    
  ],
  "papers_articles":[
    
  ],
  "sales_marketing":[
    
  ],
  "logo":"http:\/\/alex.local\/ecobuild\/2012\/var\/uploads\/cache\/profile\/logos\/5009\/eb01486e04d9fd93cf2ffaffbcb976a7\/missing.gif"
}