{
  "id":5032,
  "name":"BRV",
  "stands":"N2132",
  "url":"http:\/\/www.brv.it",
  "description":"Manufacturing of pump units, distributors, fittings and components for heating and cooling systems. Hydronics.\nManufacturing of solar stations and fittings for thermal solar applications; pump units to deliver fresh hot domestic water; valves and anti-condensing pump units for solid fuel boilers, components for heat pumps.",
  "address":"Loc. Molino Rastelli, 2<br\/>Valduggia<br\/>VC<br\/>Italy<br\/>13018",
  "product_images":[
    
  ],
  "press_releases":[
    
  ],
  "papers_articles":[
    
  ],
  "sales_marketing":[
    
  ],
  "logo":"http:\/\/alex.local\/ecobuild\/2012\/var\/uploads\/cache\/profile\/logos\/5032\/eb01486e04d9fd93cf2ffaffbcb976a7\/missing.gif"
}