{
  "id":5045,
  "name":"Global Water Solutions Ltd",
  "stands":"N2252",
  "url":"http:\/\/www.globalwatersolutions.com",
  "description":"GWS offers a comprehensive and wide range of pressure vessels for heating, thermal, pressure booster, water hammer, reverse osmosis and water well applications. GWS' products are available in more than 100 countries worldwide covering Central and South America, Europe, The Middle East, Africa, Australia, New Zealand and Asia. GWS is a member of the Swan Group.\n \nGWS unique product offering includes both its patented CAD2 diaphragm tanks as well as its line of single diaphragm tanks with a patented water connection and now also a series with replaceable tiered membrane design. All our products undergo a series of tests to insure the excellent quality. Beyond that, we offer an extensive warranty. \n \nGWS sister company Flexcon Industries, based in the US, produces the Challenger\u2122, C2Lite\u2122 and FlowThru\u2122 with patented CAD2 single diaphragm and is responsible for sales in the US, Canada and Mexico. Our other sister company Tankpac Industries, Taiwan, on the other hand produces our PressureWave\u2122, HydroGuard\u2122, Max\u2122, UltraMax\u2122, M-Inox\u2122, ThermoWave\u2122, HeatWave\u2122, SolarWave\u2122, RoWave\u2122 with patented water connection and handles local OEM Reverse Osmosis Sales. In addition, GWS has a strategic partner in Turkey manufacturing large and high pressure vessels complementing its own products.",
  "address":"Templar House<br\/>Don Road<br\/>St Helier<br\/>Jersey<br\/>Channel Islands<br\/>United Kingdom<br\/>JE4 8WH",
  "product_images":[
    
  ],
  "press_releases":[
    
  ],
  "papers_articles":[
    
  ],
  "sales_marketing":[
    
  ],
  "logo":"http:\/\/alex.local\/ecobuild\/2012\/var\/uploads\/cache\/profile\/logos\/5045\/eb01486e04d9fd93cf2ffaffbcb976a7\/missing.gif"
}