{
  "id":5050,
  "name":"Honeywell Control Systems Ltd",
  "stands":"N2322",
  "url":"http:\/\/www.honeywelluk.com",
  "description":"",
  "address":"Honeywell House<br\/>Arlington Business Park<br\/>Bracknell<br\/>Berkshire<br\/>United Kingdom<br\/>RG12 1EB",
  "product_images":[
    
  ],
  "press_releases":[
    
  ],
  "papers_articles":[
    
  ],
  "sales_marketing":[
    
  ],
  "logo":"http:\/\/alex.local\/ecobuild\/2012\/var\/uploads\/cache\/profile\/logos\/5050\/eb01486e04d9fd93cf2ffaffbcb976a7\/missing.gif"
}