{
  "id":5051,
  "name":"Worcester Bosch",
  "stands":"N2330, N2340",
  "url":"http:\/\/www.buderus.co.uk",
  "description":"",
  "address":"Cotswold Way<br\/>Warndon<br\/>Worcester<br\/>Worcestershire<br\/>United Kingdom<br\/>WR4 9SW",
  "product_images":[
    
  ],
  "press_releases":[
    
  ],
  "papers_articles":[
    
  ],
  "sales_marketing":[
    
  ],
  "logo":"http:\/\/alex.local\/ecobuild\/2012\/var\/uploads\/cache\/profile\/logos\/5051\/eb01486e04d9fd93cf2ffaffbcb976a7\/missing.gif"
}