{
  "id":5063,
  "name":"Renewable Energy Installer",
  "stands":"N2600",
  "url":"http:\/\/www.renewableenergyinstaller.co.uk",
  "description":"Renewable Energy Installer is the industry's voice, publishing breaking news online through our website and Twitter, with the monthly magazine bringing analysis and detailed features.\n\nFor over four years we have brought the latest news, opinions and technologies that have driven the renewables market and our reputation continues to grow, being the only magazine supported by MCS.\n\nFrom solar PV to air source heat pumps, wind to biomass, Renewable Energy Installer covers the whole microgeneration market.",
  "address":"Caledonian House<br\/>Tatton Street<br\/>Knutsford<br\/>Cheshire<br\/>United Kingdom<br\/>WA16 6AG",
  "product_images":[
    
  ],
  "press_releases":[
    
  ],
  "papers_articles":[
    
  ],
  "sales_marketing":[
    
  ],
  "logo":"http:\/\/alex.local\/ecobuild\/2012\/var\/uploads\/cache\/profile\/logos\/5063\/eb01486e04d9fd93cf2ffaffbcb976a7\/missing.gif"
}