{
  "id":5070,
  "name":"Energy in Buildings & Industry",
  "stands":"S3100",
  "url":"http:\/\/www.phamnews.co.uk",
  "description":"ENERGY IN BUILDINGS & INDUSTRY (EiBI) is the UK\u00eds only monthly magazine for energy management. Established for over 29 years, EiBI is the energy manager\u00eds prime source of up-to-date news, views and technical developments. The recently launched supplement ENERGY @ HOME is aimed at private and public housing, covering various product areas such as heating, lighting, solar, heat pumps, water conservation etc.is a must read for those who are involved in house building, housing associations, local authorities and architectural practices.\n\nEiBI has helped thousands of public sector, commercial and industrial organisations save millions of pounds through the more efficient use of energy. With the recent announcement of the UK\u00eds long term energy policy and the implications that this will have on the industry, EiBI will continue to play a key role in introducing the suppliers of energy-saving products and services to the 11,000+ readers, who are required to closely manage their organisations\u00ed energy use.\n\nMembers of the editorial and advertising teams will be on the stand throughout the show.",
  "address":"16 - 18 Hawkes Yard Hall<br\/>Armitage Park<br\/>Nr Rugeley<br\/>Staffordshire<br\/>United Kingdom<br\/>WS15 1PU",
  "product_images":[
    
  ],
  "press_releases":[
    
  ],
  "papers_articles":[
    
  ],
  "sales_marketing":[
    
  ]
}