{
  "id":5102,
  "name":"Building Design & Construction Magazine",
  "stands":"N34",
  "url":"http:\/\/www.bdcmagazine.co.uk",
  "description":"Building Design & Construction Magazine is a monthly broadcast and online magazine that covers all aspects of the UK &European construction industry. Established over 8 years ago, BDC Magazine has become one of the leading trade publications in the industry. Built upon strong foundations of quality, informed journalism, sleek and contemporary design, up-to-date news, interviews with the trade\u2019s top professionals\/companies and in-depth case studies of projects which challenge convention and extend boundaries. Whatever area of the industry you work in, the key to maximising the response to your advertising budget is by using the right publication that targets the decision makers you want to make contact with, whether it\u2019s contractors, civil engineers, architects, developers or end-users. Main contractors learn about new or innovative products mainly through trade journals. We make it our business to help and promote your business.",
  "address":"Building Design & Construction Magazine<br\/>3 Brook Street<br\/>Huddersfield<br\/>West Yorkshire<br\/>United Kingdom<br\/>HD1 1EB",
  "product_images":[
    
  ],
  "press_releases":[
    
  ],
  "papers_articles":[
    
  ],
  "sales_marketing":[
    
  ],
  "logo":"http:\/\/alex.local\/ecobuild\/2012\/var\/uploads\/cache\/profile\/logos\/5102\/eb01486e04d9fd93cf2ffaffbcb976a7\/missing.gif"
}