{
  "id":5116,
  "name":"Ensto Finland Oy",
  "stands":"N3510",
  "url":"http:\/\/www.ensto.com",
  "description":"Ensto is a family business and international cleantech company specializing in the development, manufacture and marketing of electrical systems and supplies for the distribution of electrical power as well as electrical applications. We are committed to lasting sustainable development and our goal is to be the world\u2019s leading company in green energy efficiency and distribution. Our products, manufactured in seven different countries, are environmentally friendly, energy efficient and leave a minimum carbon footprint.",
  "address":"Fusion House<br\/>Smeckley Wood Close<br\/>Chesterfield Trading Estate<br\/>Chesterfield<br\/>Derbyshire<br\/>United Kingdom<br\/>S41 9PZ",
  "product_images":[
    
  ],
  "press_releases":[
    
  ],
  "papers_articles":[
    
  ],
  "sales_marketing":[
    
  ],
  "logo":"http:\/\/alex.local\/ecobuild\/2012\/var\/uploads\/cache\/profile\/logos\/5116\/eb01486e04d9fd93cf2ffaffbcb976a7\/missing.gif"
}