{
  "id":5161,
  "name":"Reynaers Ltd",
  "stands":"N550",
  "url":"http:\/\/www.reynaers.co.uk",
  "description":"Reynaers Aluminium is a leading European provider of innovative and sustainable architectural aluminium systems and has been established in the UK for over 20 years. Products offered include a wide range of window and door systems; curtain walling, sliding and swing-entrance doors, sliding folding doors, fa\u00e7ade systems, Brise Soleil, conservatories, skylights, and systems for the incorporation of blinds and ventilation. We aim to achieve optimum effect in total fa\u00e7ade construction - technically, aesthetically, economically and ecologically.\n\nEstablished in 1965 and headquartered in Duffel (Belgium), Reynaers Aluminium has offices in 27 countries worldwide.",
  "address":"Kettles Wood Drive<br\/>Birmingham<br\/>West Midlands<br\/>United Kingdom<br\/>B32 3DB",
  "product_images":[
    {
      "id":15869,
      "title":"CW50 SC Structurally Clamped Curtain Walling",
      "thumbnail":"http:\/\/alex.local\/ecobuild\/2012\/var\/uploads\/cache\/exhibitor\/5161\/338942db7ed54422bc01b0eb835279f5\/missing.gif",
      "img":"http:\/\/alex.local\/ecobuild\/2012\/var\/uploads\/cache\/exhibitor\/5161\/83e1f43f5443c9cbd8581762e9e7b931\/missing.gif",
      "description":"Part of the popular CW50 curtain walling system, CW50 SC is a structurally clamped fa\u00e7ade system for maximum transparency. Reynaers curtain walls are designed to meet the requirements of contemporary architecture."
    },
    {
      "id":15868,
      "title":"CW86 Hi Unitised Curtain Walling",
      "thumbnail":"http:\/\/alex.local\/ecobuild\/2012\/var\/uploads\/cache\/exhibitor\/5161\/338942db7ed54422bc01b0eb835279f5\/missing.gif",
      "img":"http:\/\/alex.local\/ecobuild\/2012\/var\/uploads\/cache\/exhibitor\/5161\/83e1f43f5443c9cbd8581762e9e7b931\/missing.gif",
      "description":"CW86 Hi is highly insulated unitised fa\u00e7ade, that can be completely pre-assembled in the workshop resulting in high execution and speed on building sites. The system can have motorised opening elements such as top hung or parallel opening windows."
    },
    {
      "id":15867,
      "title":"CS86 Hi High Thermal Window & Door System",
      "thumbnail":"http:\/\/alex.local\/ecobuild\/2012\/var\/uploads\/cache\/exhibitor\/5161\/338942db7ed54422bc01b0eb835279f5\/missing.gif",
      "img":"http:\/\/alex.local\/ecobuild\/2012\/var\/uploads\/cache\/exhibitor\/5161\/83e1f43f5443c9cbd8581762e9e7b931\/missing.gif",
      "description":"CS 86-HI is a multi-chamber system for windows and doors that combines aesthetic design, optimal stability and high thermal comfort. Due to the insulating skeleton strips, CS 86-HI achieves Uf-values down to 1.2 W\/m\u00b2K, making this a highly energy efficient system."
    },
    {
      "id":15866,
      "title":"CS104 High Thermal Window System for Passive Construction",
      "thumbnail":"http:\/\/alex.local\/ecobuild\/2012\/var\/uploads\/cache\/exhibitor\/5161\/338942db7ed54422bc01b0eb835279f5\/missing.gif",
      "img":"http:\/\/alex.local\/ecobuild\/2012\/var\/uploads\/cache\/exhibitor\/5161\/83e1f43f5443c9cbd8581762e9e7b931\/missing.gif",
      "description":"A triple-glazed window system, with a Uw value of 0.78 W\/m2K, for complete window frame, it meets and will be certified to the PassivHaus standards. The window system significantly reduces the potential heat loss through the window. Even on the coldest day, occupants will feel no discomfort when seated by such a window. Its triple glazing also means it has an exceptional acoustic performance."
    },
    {
      "id":15865,
      "title":"CF77 Slim Line Folding Sliding Door",
      "thumbnail":"http:\/\/alex.local\/ecobuild\/2012\/var\/uploads\/cache\/exhibitor\/5161\/338942db7ed54422bc01b0eb835279f5\/missing.gif",
      "img":"http:\/\/alex.local\/ecobuild\/2012\/var\/uploads\/cache\/exhibitor\/5161\/83e1f43f5443c9cbd8581762e9e7b931\/missing.gif",
      "description":"Reynaers Concept Folding 77, a sliding, folding system with unique features that combine openness with large dimensions while meeting the demands for high insulation. Extremely versatile and easy to use, the system offers two vent profiles and can be used to fully open up internal spaces, while providing three threshold solutions."
    },
    {
      "id":15864,
      "title":"CP130 LS  Corner Closing Solution",
      "thumbnail":"http:\/\/alex.local\/ecobuild\/2012\/var\/uploads\/cache\/exhibitor\/5161\/338942db7ed54422bc01b0eb835279f5\/missing.gif",
      "img":"http:\/\/alex.local\/ecobuild\/2012\/var\/uploads\/cache\/exhibitor\/5161\/83e1f43f5443c9cbd8581762e9e7b931\/missing.gif",
      "description":"The stylish sliding system CP130 combines high security with effortless glide operation and the added benefit of a slim-line option. \nAdditional solutions are now available for Reynaers\u2019 comprehensive sliding door system CP130, once again enlarging the system\u2019s extensive range and options.  \n\nNow available as a corner closing solution exclusively for the CP130 Lift and Slide duorail variant, makes it possible to open up spaces without any fixed corner element. In combination with the system\u2019s innovative low threshold for Lift and Slide duorail \u2013 only 20mm high \u2013 the indoors and outdoors can be connected making this the perfect solution for wide spans and high traffic applications, such as restaurant terraces."
    }
  ],
  "press_releases":[
    
  ],
  "papers_articles":[
    {
      "id":15930,
      "title":"Reynaers Sustainability",
      "file":"http:\/\/alex.local\/ecobuild\/2012\/var\/uploads\/exhibitor\/5161\/5otohm2gpj.pdf"
    },
    {
      "id":15929,
      "title":"Reynaers System Guarantee",
      "file":"http:\/\/alex.local\/ecobuild\/2012\/var\/uploads\/exhibitor\/5161\/rs4jlejhvp.pdf"
    }
  ],
  "sales_marketing":[
    {
      "id":15937,
      "title":"Case Study: Great Marlborough Street",
      "file":"http:\/\/alex.local\/ecobuild\/2012\/var\/uploads\/exhibitor\/5161\/0mwb5yb1ng.pdf"
    },
    {
      "id":15934,
      "title":"Case Study: Aurora",
      "file":"http:\/\/alex.local\/ecobuild\/2012\/var\/uploads\/exhibitor\/5161\/kfs7obtshc.pdf"
    },
    {
      "id":15933,
      "title":"Case Study: One Stratford High Street",
      "file":"http:\/\/alex.local\/ecobuild\/2012\/var\/uploads\/exhibitor\/5161\/9ybqxucjow.pdf"
    },
    {
      "id":15932,
      "title":"Case Study: Matchmakers Wharf",
      "file":"http:\/\/alex.local\/ecobuild\/2012\/var\/uploads\/exhibitor\/5161\/buiiva9eqi.pdf"
    },
    {
      "id":15924,
      "title":"Case Study: Sopharma Offices",
      "file":"http:\/\/alex.local\/ecobuild\/2012\/var\/uploads\/exhibitor\/5161\/9wtdkodpax.pdf"
    },
    {
      "id":15923,
      "title":"Case Study: H\u00d6F\u00d0ATORG Offices",
      "file":"http:\/\/alex.local\/ecobuild\/2012\/var\/uploads\/exhibitor\/5161\/3jgkckcosd.pdf"
    },
    {
      "id":15922,
      "title":"Case Study: Ambar Engineering and Innovation Centre",
      "file":"http:\/\/alex.local\/ecobuild\/2012\/var\/uploads\/exhibitor\/5161\/qtks816w3u.pdf"
    },
    {
      "id":15921,
      "title":"Case Study: Ferrari World",
      "file":"http:\/\/alex.local\/ecobuild\/2012\/var\/uploads\/exhibitor\/5161\/dnp7prefn8.pdf"
    },
    {
      "id":15920,
      "title":"Case Study: Coca Cola Headquarters",
      "file":"http:\/\/alex.local\/ecobuild\/2012\/var\/uploads\/exhibitor\/5161\/rmmfgjsx5r.pdf"
    }
  ],
  "logo":"http:\/\/alex.local\/ecobuild\/2012\/var\/uploads\/cache\/profile\/logos\/5161\/eb01486e04d9fd93cf2ffaffbcb976a7\/missing.gif"
}