{
  "id":5173,
  "name":"Addagrip Surface Treatments UK Ltd",
  "stands":"S1850",
  "url":"http:\/\/www.addagrip.co.uk",
  "description":"Addagrip, based in Uckfield, East Sussex and founded in 1980, is a leading producer of resin bound surfacing products, with brands such as Addastone and Addaset. Addagrip sells a range of high quality external surfacing, internal flooring, industrial flooring as well as the Addagrip 1000 System airfield pavement concrete protection system.",
  "address":"Addagrip House<br\/>Bell Lane Industrial Estate<br\/>Uckfield<br\/>East Sussex<br\/>United Kingdom<br\/>TN22 1QL",
  "product_images":[
    
  ],
  "press_releases":[
    
  ],
  "papers_articles":[
    
  ],
  "sales_marketing":[
    
  ],
  "logo":"http:\/\/alex.local\/ecobuild\/2012\/var\/uploads\/cache\/profile\/logos\/5173\/eb01486e04d9fd93cf2ffaffbcb976a7\/missing.gif"
}