{
  "id":5211,
  "name":"UK Rainwater Harvesting Association",
  "stands":"S1550",
  "url":"http:\/\/www.ukrha.org",
  "description":"The UK Rainwater Harvesting Association is the national trade body for the manufacturers and suppliers of rainwater harvesting systems and components.\n\nThe Association also represents the interests of the installers of rainwater harvesting systems, and companies offering repair and maintenance services.",
  "address":"Millennium Green Business Centre<br\/>Rio Drive<br\/>Collingham<br\/>Newark<br\/>Nottinghamshire<br\/>United Kingdom<br\/>NG23 7NB",
  "product_images":[
    
  ],
  "press_releases":[
    
  ],
  "papers_articles":[
    
  ],
  "sales_marketing":[
    
  ],
  "logo":"http:\/\/alex.local\/ecobuild\/2012\/var\/uploads\/cache\/profile\/logos\/5211\/eb01486e04d9fd93cf2ffaffbcb976a7\/missing.gif"
}