{
  "id":5220,
  "name":"Tanner Stiles Publishing",
  "stands":"S1621",
  "url":"http:\/\/www.tspltd.co.uk",
  "description":"TSP Media (Tanner Stiles Publishing Ltd) have over 20 years experience in publishing a range of magazines into the Architectural and Building Sector. Quality in production and investment in circulation have been a key factor in the successful growth of our business and it\u2019s range of B2B titles.\n\nEach publication is ABC audited and is supported by it\u2019s own website. Our development into the digital and online arena is considered to be at the forefront of publishing in this area and visitors to the show will be particularly interested in the launch of TSP Media\u2019s new online architectural library, The Building Product Library.\n\nContinuous development into print and production and a company ethic based on delivering quality products, continues to ensure that your business it\u2019s products and brand message will be delivered to our readership in the most effective and professional manner possible.",
  "address":"Grosevnor House<br\/>Central Park<br\/>Telford<br\/>Shropshire<br\/>United Kingdom<br\/>TF2 9TW",
  "product_images":[
    
  ],
  "press_releases":[
    
  ],
  "papers_articles":[
    
  ],
  "sales_marketing":[
    
  ]
}