{
  "id":5235,
  "name":"Boningale Greensky",
  "stands":"S1802",
  "url":"http:\/\/www.boningale-greensky.co.uk",
  "description":"Boningale GreenSky offers an exciting range of green roof plants and substrates to suit varying aesthetic and enviromental requirements. All our skyplugs are grown specially to thrive in harsh rooftop enviroments, and our range of substrates will help you to achieve whatever performance you require from the green roof whilst supporting the plants in the long term. Boningale GreenSky helps designers and installers of green roofs by ensuring the best quality plants and the latest research are accessible to all practitioners.",
  "address":"Holyhead Road<br\/>Albrighton<br\/>Wolverhampton<br\/>West Midlands<br\/>United Kingdom<br\/>WV7 3AT",
  "product_images":[
    {
      "id":16172,
      "title":"Boningale skyplugs",
      "thumbnail":"http:\/\/alex.local\/ecobuild\/2012\/var\/uploads\/cache\/exhibitor\/5235\/338942db7ed54422bc01b0eb835279f5\/missing.gif",
      "img":"http:\/\/alex.local\/ecobuild\/2012\/var\/uploads\/cache\/exhibitor\/5235\/83e1f43f5443c9cbd8581762e9e7b931\/missing.gif",
      "description":"Skyplugs are the first plants to be grown with advice from univeristy experts to ensure better establishment and survival. Boningale greensky brings a fresh new approach to green roofing. Our aim is to provide innovative high quality products and provide the best practise advice to designers and installers of green roofs.\n\n-Better value fr money\n-Better for biodiversity\n-Better choice and control over planting\n-Better survival rates"
    }
  ],
  "press_releases":[
    
  ],
  "papers_articles":[
    
  ],
  "sales_marketing":[
    
  ],
  "logo":"http:\/\/alex.local\/ecobuild\/2012\/var\/uploads\/cache\/profile\/logos\/5235\/eb01486e04d9fd93cf2ffaffbcb976a7\/missing.gif"
}