{
  "id":5269,
  "name":"LED Evolution Limited",
  "stands":"S212",
  "url":"http:\/\/www.imorenewableenergy.com",
  "description":"Welcome to LED Evolution. The Natural Selection for LED Lighting.\n\nLED Evolution brings together decades of engineering expertise and manufacturing skill to produce high technology energy saving lighting products of the finest quality. \n\nLED Evolution is a UK based LED (light emitting diode) luminaire design and manufacturing \ncompany focused on bringing innovation into lighting by providing high power, energy efficient \nand cost effective LED based lighting solutions. Backed by many years of knowledge in the \nspecific design of advanced LED lighting and decades of industrial manufacturing skill, we deliver \nhigh quality, high output, certified and affordable energy efficient LED lighting products.\n\nWith the most advanced technology and full customer support, LED Evolution brings peace of mind \nin the pursuit of affordable and reliable energy saving lighting solutions.",
  "address":"1000 North Circular Road<br\/>Staples Corner<br\/>London<br\/>United Kingdom<br\/>NW2 7JP",
  "product_images":[
    
  ],
  "press_releases":[
    
  ],
  "papers_articles":[
    
  ],
  "sales_marketing":[
    
  ],
  "logo":"http:\/\/alex.local\/ecobuild\/2012\/var\/uploads\/cache\/profile\/logos\/5269\/eb01486e04d9fd93cf2ffaffbcb976a7\/missing.gif"
}