{
  "id":5301,
  "name":"Renusol GmbH",
  "stands":"S2540",
  "url":"http:\/\/www.renusol.com",
  "description":"Since 1997, we have been specialising in well thought-out solutions for the installation of photovoltaic systems. Using our in-depth experience, we develop, produce, and sell modular systems for the safe mounting of solar installations both ground mounted and on all types of roofs. As a 100% subsidiary of CENTROSOLAR Group AG, we have been optimally supplementing the overall portfolio of this supplier of complete photovoltaic systems since 2005 and are represented in all core markets in Europe and America with our systems and supplementary services.",
  "address":"Piccoloministr.2<br\/>Cologne<br\/>Koeln<br\/>North Rhine-Westphalia<br\/>Germany<br\/>51063",
  "product_images":[
    
  ],
  "press_releases":[
    
  ],
  "papers_articles":[
    
  ],
  "sales_marketing":[
    {
      "id":15957,
      "title":"Company Brochure",
      "file":"http:\/\/alex.local\/ecobuild\/2012\/var\/uploads\/exhibitor\/5301\/ilhplvfb9u.pdf"
    }
  ],
  "logo":"http:\/\/alex.local\/ecobuild\/2012\/var\/uploads\/cache\/profile\/logos\/5301\/eb01486e04d9fd93cf2ffaffbcb976a7\/missing.gif"
}