{
  "id":5354,
  "name":"ReneSola Ltd",
  "stands":"S3310",
  "url":"http:\/\/www.renesola.com",
  "description":"Established in 2005, ReneSola Ltd. (NYSE: SOL) is a leading global photovoltaic manufacturer with our own R&D team, advanced production equipment and deep production experience. ReneSola has 17 subsidiaries, with our own production bases distributed in Zhejiang Jiashan, Jiangsu Wuxi and Sichuan Meishan. We specialize in the R&D and manufacturing of polysilicon, silicon wafer and solar modules and are one of the few large Solar conglomerates with vertically integrated operations from virgin polysilicon to photovoltaic systems in the global photovoltaic industry.",
  "address":"27 Qinqyuan Road (East)<br\/>Yixing Economic and Development Zone<br\/>Jiangsu Province<br\/>China",
  "product_images":[
    
  ],
  "press_releases":[
    
  ],
  "papers_articles":[
    
  ],
  "sales_marketing":[
    
  ],
  "logo":"http:\/\/alex.local\/ecobuild\/2012\/var\/uploads\/cache\/profile\/logos\/5354\/eb01486e04d9fd93cf2ffaffbcb976a7\/missing.gif"
}