{
  "id":5362,
  "name":"MechoSystems",
  "stands":"S340",
  "url":"http:\/\/www.mechosystems.co.uk",
  "description":"",
  "address":"Unit 10 Holdom Avenue<br\/>Bletchley<br\/>Milton Keynes<br\/>Buckinghamshire<br\/>United Kingdom<br\/>MK1 1QU",
  "product_images":[
    
  ],
  "press_releases":[
    
  ],
  "papers_articles":[
    
  ],
  "sales_marketing":[
    
  ],
  "logo":"http:\/\/alex.local\/ecobuild\/2012\/var\/uploads\/cache\/profile\/logos\/5362\/eb01486e04d9fd93cf2ffaffbcb976a7\/missing.gif"
}