{
  "id":5368,
  "name":"Sibert Solar",
  "stands":"S2870",
  "url":"http:\/\/www.sibert.co.uk",
  "description":"Sibert is a company firmly established in the design, development and manufacture of special purpose machinery as well as the procurement and supply of key products to the renewable-energy manufacturing and installation sectors. Sibert began as a family business in Surrey over 30 years ago. Our International HQ is now based in Hampshire, UK.\n\nSpecific to our growth in the Renewables market, and particularly for the Solar Photovoltaic sector, our Sibert Solar range of products has been carefully selected and developed to provide our customer-base with productive, yet cost-effective procurement solutions. Products are used in the fabrication of Solar PV cells and modules as well as within the practical installation processes downstream",
  "address":"Fleet Business Park<br\/>Sandy Lane<br\/>Church Crookham<br\/>Fleet<br\/>Hampshire<br\/>United Kingdom<br\/>GU52 8BF",
  "product_images":[
    
  ],
  "press_releases":[
    
  ],
  "papers_articles":[
    
  ],
  "sales_marketing":[
    
  ],
  "logo":"http:\/\/alex.local\/ecobuild\/2012\/var\/uploads\/cache\/profile\/logos\/5368\/eb01486e04d9fd93cf2ffaffbcb976a7\/missing.gif"
}