{
  "id":5369,
  "name":"HatiCon Germany GmbH",
  "stands":"S3712",
  "url":"http:\/\/www.haticon.com",
  "description":"HatiCon develops and produces high-quality mounting systems for photovoltaic units. Activities consist of development, production and distribution of these products. HatiCon covers the German as well as the international market. Customers are installation companies, wholesale dealer and project developer.",
  "address":"Grossbeerenstrasse 12<br\/>Gueterfelde<br\/>Germany<br\/>14532",
  "product_images":[
    
  ],
  "press_releases":[
    
  ],
  "papers_articles":[
    
  ],
  "sales_marketing":[
    
  ],
  "logo":"http:\/\/alex.local\/ecobuild\/2012\/var\/uploads\/cache\/profile\/logos\/5369\/eb01486e04d9fd93cf2ffaffbcb976a7\/missing.gif"
}