{
  "id":11,
  "name":"Sustainable property, in association with Property Week",
  "sessions":[
    {
      "date":"Tuesday 05 March",
      "programme":[
        {
          "id":106,
          "time":"10.30 &ndash; 11.30",
          "name":"Financing green property"
        },
        {
          "id":107,
          "time":"11.45 &ndash; 12.45",
          "name":"What\u2019s sustainable property worth?"
        },
        {
          "id":108,
          "time":"13.15 &ndash; 14.15",
          "name":"Making green leases work"
        },
        {
          "id":109,
          "time":"14.45 &ndash; 15.45",
          "name":"The office of the future"
        },
        {
          "id":110,
          "time":"16.00 &ndash; 17.00",
          "name":"The shop of the future"
        }
      ]
    }
  ]
}