[
  {
    "id":9,
    "name":"eco-city"
  },
  {
    "id":11,
    "name":"energy"
  },
  {
    "id":12,
    "name":"sustainable homes"
  },
  {
    "id":13,
    "name":"social sustainability"
  },
  {
    "id":14,
    "name":"training"
  },
  {
    "id":15,
    "name":"government policy"
  },
  {
    "id":16,
    "name":"renewable energy"
  },
  {
    "id":17,
    "name":"solar energy"
  },
  {
    "id":18,
    "name":"embodied energy"
  },
  {
    "id":19,
    "name":"infrastructure"
  },
  {
    "id":20,
    "name":"international projects"
  },
  {
    "id":21,
    "name":"Building Regulations"
  },
  {
    "id":22,
    "name":"energy efficiency"
  },
  {
    "id":23,
    "name":"sustainable design"
  },
  {
    "id":24,
    "name":"Code for Sustainable Homes"
  },
  {
    "id":25,
    "name":"technology & innovation"
  },
  {
    "id":26,
    "name":"zero carbon"
  },
  {
    "id":27,
    "name":"existing buildings"
  },
  {
    "id":28,
    "name":"future of construction"
  },
  {
    "id":29,
    "name":"planning"
  },
  {
    "id":30,
    "name":"regeneration"
  },
  {
    "id":31,
    "name":"global action"
  },
  {
    "id":32,
    "name":"economics of sustainability"
  },
  {
    "id":33,
    "name":"microgeneration"
  },
  {
    "id":34,
    "name":"biodiversity"
  },
  {
    "id":35,
    "name":"measuring and labelling sustainability"
  },
  {
    "id":36,
    "name":"test"
  },
  {
    "id":37,
    "name":"ecobuild"
  },
  {
    "id":38,
    "name":"sustainability"
  },
  {
    "id":39,
    "name":"green deal"
  },
  {
    "id":40,
    "name":"international"
  },
  {
    "id":41,
    "name":"olympics"
  },
  {
    "id":42,
    "name":"green growth"
  },
  {
    "id":43,
    "name":"Building Performance "
  },
  {
    "id":44,
    "name":"Energy Management"
  },
  {
    "id":45,
    "name":"Energy Bill"
  },
  {
    "id":46,
    "name":"Engineering"
  }
]