{
  "id":107,
  "name":"What\u2019s sustainable property worth?",
  "time":"11.45 &ndash; 12.45",
  "location":"",
  "description":"",
  "speakers":[
    {
      "id":1304,
      "name":"Andrew Gulliford",
      "occupation":"Chief Operating Officer, Segro"
    },
    {
      "id":1305,
      "name":"Chris Perkins",
      "occupation":"Portfolio Manager, Prudential"
    },
    {
      "id":1306,
      "name":"Andrew Renshaw",
      "occupation":"Head of Valuation & Professional Advisory, Jones Lang LaSalle"
    },
    {
      "id":1307,
      "name":"John Symes-Thompson",
      "occupation":"Senior Director, CBRE"
    }
  ]
}