{
  "id":108,
  "name":"Making green leases work",
  "time":"13.15 &ndash; 14.15",
  "location":"",
  "description":"",
  "speakers":[
    {
      "id":1308,
      "name":"Kevin Chapman",
      "occupation":"UK Head of Offices, Lend Lease"
    },
    {
      "id":1309,
      "name":"John Burton",
      "occupation":"Director of Development, Westfield"
    },
    {
      "id":1310,
      "name":"Jenny Pidgeon",
      "occupation":"Director, Responsible Property Investment, Henderson"
    },
    {
      "id":1664,
      "name":"Michael Creamer",
      "occupation":"CoreNet"
    }
  ]
}