{
  "id":113,
  "name":"What sustainability strategies are needed for different climatic zones?",
  "time":"14.30 &ndash; 15.30",
  "location":"Platinum Suite 1",
  "description":"How do you design a building in different extreme climates and what are the technical considerations that designers need to consider?",
  "speakers":[
    {
      "id":1517,
      "name":"Alan Shingler",
      "occupation":"Head of Sustainability, Sheppard Robson"
    },
    {
      "id":1518,
      "name":"Robert Buckley",
      "occupation":"Sustainable Design Director, AECOM"
    },
    {
      "id":1519,
      "name":"Frank Mills",
      "occupation":"Founder, McGrath Mills Consulting"
    },
    {
      "id":1322,
      "name":"Additional speakers to be confirmed",
      "occupation":"(tbc)"
    },
    {
      "id":1666,
      "name":"Patrick Bellew",
      "occupation":"Founding Director, Atelier Ten"
    }
  ]
}