{
  "id":85,
  "name":"Making our cities better",
  "time":"16.15 &ndash; 17.15",
  "location":"Ecobuild Arena",
  "description":"",
  "speakers":[
    {
      "id":1320,
      "name":"Chris Brown",
      "occupation":"Chief Executive, Igloo"
    },
    {
      "id":1259,
      "name":"Professor Peter Guthrie",
      "occupation":"OBE, Professor of Engineering for Sustainable Development, University of Cambridge"
    },
    {
      "id":1322,
      "name":"Additional speakers to be confirmed",
      "occupation":"(tbc)"
    },
    {
      "id":1654,
      "name":"Thurstan Crockett",
      "occupation":"Head of Sustainability and Environment Policy and Member of Brighton 10:10"
    }
  ]
}