{
  "id":89,
  "name":"Is there a future for nuclear?",
  "time":"12.45 &ndash; 13.45",
  "location":"Platinum Suite 2",
  "description":"",
  "speakers":[
    {
      "id":1264,
      "name":"Oliver Tickell",
      "occupation":"Journalist, Author and Campaigner on Health and Environment Issues, and Author of The Kyoto2 Climate Initiative"
    },
    {
      "id":1342,
      "name":"Professor Sir David King",
      "occupation":"Former Chief Scientific Advisor, Department of Energy & Climate Change (DECC)"
    },
    {
      "id":1322,
      "name":"Additional speakers to be confirmed",
      "occupation":"(tbc)"
    },
    {
      "id":1656,
      "name":"Mark Lynas",
      "occupation":"British Author, Journalist and Environmental Activist who focuses on climate change"
    }
  ]
}