[
  {
    "id":23,
    "title":"Simon Allan on the \u2018heating season\u2019",
    "posted_on":"26th November 2012"
  },
  {
    "id":20,
    "title":"Simon Osborne on the Green Deal",
    "posted_on":"26th November 2012"
  },
  {
    "id":21,
    "title":"David Fisk on building performance",
    "posted_on":"26th November 2012"
  },
  {
    "id":24,
    "title":"Paul King on green growth",
    "posted_on":"26th November 2012"
  },
  {
    "id":25,
    "title":"Are you ready for Ecobuild 2013? ",
    "posted_on":"28th November 2012"
  }
]